,driver_id,driver_ref,number,code,forename,surname,dob,nationality,url
0,2,heidfeld,\N,HEI,Nick,Heidfeld,1977-05-10,German,http://en.wikipedia.org/wiki/Nick_Heidfeld
1,3,rosberg,6,ROS,Nico,Rosberg,1985-06-27,German,http://en.wikipedia.org/wiki/Nico_Rosberg
2,4,alonso,14,ALO,Fernando,Alonso,1981-07-29,Spanish,http://en.wikipedia.org/wiki/Fernando_Alonso
3,5,kovalainen,\N,KOV,Heikki,Kovalainen,1981-10-19,Finnish,http://en.wikipedia.org/wiki/Heikki_Kovalainen
4,6,nakajima,\N,NAK,Kazuki,Nakajima,1985-01-11,Japanese,http://en.wikipedia.org/wiki/Kazuki_Nakajima
5,7,bourdais,\N,BOU,Sébastien,Bourdais,1979-02-28,French,http://en.wikipedia.org/wiki/S%C3%A9bastien_Bourdais
6,8,raikkonen,7,RAI,Kimi,Räikkönen,1979-10-17,Finnish,http://en.wikipedia.org/wiki/Kimi_R%C3%A4ikk%C3%B6nen
7,9,kubica,88,KUB,Robert,Kubica,1984-12-07,Polish,http://en.wikipedia.org/wiki/Robert_Kubica
8,10,glock,\N,GLO,Timo,Glock,1982-03-18,German,http://en.wikipedia.org/wiki/Timo_Glock
9,11,sato,\N,SAT,Takuma,Sato,1977-01-28,Japanese,http://en.wikipedia.org/wiki/Takuma_Sato
10,12,piquet_jr,\N,PIQ,Nelson,Piquet Jr.,1985-07-25,Brazilian,"http://en.wikipedia.org/wiki/Nelson_Piquet,_Jr."
11,13,massa,19,MAS,Felipe,Massa,1981-04-25,Brazilian,http://en.wikipedia.org/wiki/Felipe_Massa
12,14,coulthard,\N,COU,David,Coulthard,1971-03-27,British,http://en.wikipedia.org/wiki/David_Coulthard
13,15,trulli,\N,TRU,Jarno,Trulli,1974-07-13,Italian,http://en.wikipedia.org/wiki/Jarno_Trulli
14,16,sutil,99,SUT,Adrian,Sutil,1983-01-11,German,http://en.wikipedia.org/wiki/Adrian_Sutil
15,17,webber,\N,WEB,Mark,Webber,1976-08-27,Australian,http://en.wikipedia.org/wiki/Mark_Webber
16,18,button,22,BUT,Jenson,Button,1980-01-19,British,http://en.wikipedia.org/wiki/Jenson_Button
17,19,davidson,\N,DAV,Anthony,Davidson,1979-04-18,British,http://en.wikipedia.org/wiki/Anthony_Davidson
18,20,vettel,5,VET,Sebastian,Vettel,1987-07-03,German,http://en.wikipedia.org/wiki/Sebastian_Vettel
19,21,fisichella,\N,FIS,Giancarlo,Fisichella,1973-01-14,Italian,http://en.wikipedia.org/wiki/Giancarlo_Fisichella
20,22,barrichello,\N,BAR,Rubens,Barrichello,1972-05-23,Brazilian,http://en.wikipedia.org/wiki/Rubens_Barrichello
21,23,ralf_schumacher,\N,SCH,Ralf,Schumacher,1975-06-30,German,http://en.wikipedia.org/wiki/Ralf_Schumacher
22,24,liuzzi,\N,LIU,Vitantonio,Liuzzi,1980-08-06,Italian,http://en.wikipedia.org/wiki/Vitantonio_Liuzzi
23,25,wurz,\N,WUR,Alexander,Wurz,1974-02-15,Austrian,http://en.wikipedia.org/wiki/Alexander_Wurz
24,26,speed,\N,SPE,Scott,Speed,1983-01-24,American,http://en.wikipedia.org/wiki/Scott_Speed
25,27,albers,\N,ALB,Christijan,Albers,1979-04-16,Dutch,http://en.wikipedia.org/wiki/Christijan_Albers
26,28,markus_winkelhock,\N,WIN,Markus,Winkelhock,1980-06-13,German,http://en.wikipedia.org/wiki/Markus_Winkelhock
27,29,yamamoto,\N,YAM,Sakon,Yamamoto,1982-07-09,Japanese,http://en.wikipedia.org/wiki/Sakon_Yamamoto
28,30,michael_schumacher,\N,MSC,Michael,Schumacher,1969-01-03,German,http://en.wikipedia.org/wiki/Michael_Schumacher
29,31,montoya,\N,MON,Juan,Pablo Montoya,1975-09-20,Colombian,http://en.wikipedia.org/wiki/Juan_Pablo_Montoya
30,32,klien,\N,KLI,Christian,Klien,1983-02-07,Austrian,http://en.wikipedia.org/wiki/Christian_Klien
31,33,monteiro,\N,TMO,Tiago,Monteiro,1976-07-24,Portuguese,http://en.wikipedia.org/wiki/Tiago_Monteiro
32,34,ide,\N,IDE,Yuji,Ide,1975-01-21,Japanese,http://en.wikipedia.org/wiki/Yuji_Ide
33,35,villeneuve,\N,VIL,Jacques,Villeneuve,1971-04-09,Canadian,http://en.wikipedia.org/wiki/Jacques_Villeneuve
34,36,montagny,\N,FMO,Franck,Montagny,1978-01-05,French,http://en.wikipedia.org/wiki/Franck_Montagny
35,37,rosa,\N,DLR,Pedro,de la Rosa,1971-02-24,Spanish,http://en.wikipedia.org/wiki/Pedro_de_la_Rosa
36,38,doornbos,\N,DOO,Robert,Doornbos,1981-09-23,Dutch,http://en.wikipedia.org/wiki/Robert_Doornbos
37,39,karthikeyan,\N,KAR,Narain,Karthikeyan,1977-01-14,Indian,http://en.wikipedia.org/wiki/Narain_Karthikeyan
38,40,friesacher,\N,FRI,Patrick,Friesacher,1980-09-26,Austrian,http://en.wikipedia.org/wiki/Patrick_Friesacher
39,41,zonta,\N,ZON,Ricardo,Zonta,1976-03-23,Brazilian,http://en.wikipedia.org/wiki/Ricardo_Zonta
40,42,pizzonia,\N,PIZ,Antônio,Pizzonia,1980-09-11,Brazilian,http://en.wikipedia.org/wiki/Ant%C3%B4nio_Pizzonia
41,43,matta,\N,\N,Cristiano,da Matta,1973-09-19,Brazilian,http://en.wikipedia.org/wiki/Cristiano_da_Matta
42,44,panis,\N,\N,Olivier,Panis,1966-09-02,French,http://en.wikipedia.org/wiki/Olivier_Panis
43,45,pantano,\N,\N,Giorgio,Pantano,1979-02-04,Italian,http://en.wikipedia.org/wiki/Giorgio_Pantano
44,46,bruni,\N,\N,Gianmaria,Bruni,1981-05-30,Italian,http://en.wikipedia.org/wiki/Gianmaria_Bruni
45,47,baumgartner,\N,\N,Zsolt,Baumgartner,1981-01-01,Hungarian,http://en.wikipedia.org/wiki/Zsolt_Baumgartner
46,48,gene,\N,\N,Marc,Gené,1974-03-29,Spanish,http://en.wikipedia.org/wiki/Marc_Gen%C3%A9
47,49,frentzen,\N,\N,Heinz-Harald,Frentzen,1967-05-18,German,http://en.wikipedia.org/wiki/Heinz-Harald_Frentzen
48,50,verstappen,\N,\N,Jos,Verstappen,1972-03-04,Dutch,http://en.wikipedia.org/wiki/Jos_Verstappen
49,51,wilson,\N,\N,Justin,Wilson,1978-07-31,British,http://en.wikipedia.org/wiki/Justin_Wilson_(racing_driver)
50,52,firman,\N,\N,Ralph,Firman,1975-05-20,Irish,http://en.wikipedia.org/wiki/Ralph_Firman
51,53,kiesa,\N,\N,Nicolas,Kiesa,1978-03-03,Danish,http://en.wikipedia.org/wiki/Nicolas_Kiesa
52,54,burti,\N,\N,Luciano,Burti,1975-03-05,Brazilian,http://en.wikipedia.org/wiki/Luciano_Burti
53,55,alesi,\N,\N,Jean,Alesi,1964-06-11,French,http://en.wikipedia.org/wiki/Jean_Alesi
54,56,irvine,\N,\N,Eddie,Irvine,1965-11-10,British,http://en.wikipedia.org/wiki/Eddie_Irvine
55,57,hakkinen,\N,\N,Mika,Häkkinen,1968-09-28,Finnish,http://en.wikipedia.org/wiki/Mika_H%C3%A4kkinen
56,58,marques,\N,\N,Tarso,Marques,1976-01-19,Brazilian,http://en.wikipedia.org/wiki/Tarso_Marques
57,59,bernoldi,\N,\N,Enrique,Bernoldi,1978-10-19,Brazilian,http://en.wikipedia.org/wiki/Enrique_Bernoldi
58,60,mazzacane,\N,\N,Gastón,Mazzacane,1975-05-08,Argentine,http://en.wikipedia.org/wiki/Gast%C3%B3n_Mazzacane
59,61,enge,\N,\N,Tomáš,Enge,1976-09-11,Czech,http://en.wikipedia.org/wiki/Tom%C3%A1%C5%A1_Enge
60,62,yoong,\N,\N,Alex,Yoong,1976-07-20,Malaysian,http://en.wikipedia.org/wiki/Alex_Yoong
61,63,salo,\N,\N,Mika,Salo,1966-11-30,Finnish,http://en.wikipedia.org/wiki/Mika_Salo
62,64,diniz,\N,\N,Pedro,Diniz,1970-05-22,Brazilian,http://en.wikipedia.org/wiki/Pedro_Diniz
63,65,herbert,\N,\N,Johnny,Herbert,1964-06-25,British,http://en.wikipedia.org/wiki/Johnny_Herbert
64,66,mcnish,\N,\N,Allan,McNish,1969-12-29,British,http://en.wikipedia.org/wiki/Allan_McNish
65,67,buemi,\N,BUE,Sébastien,Buemi,1988-10-31,Swiss,http://en.wikipedia.org/wiki/S%C3%A9bastien_Buemi
66,68,takagi,\N,\N,Toranosuke,Takagi,1974-02-12,Japanese,http://en.wikipedia.org/wiki/Toranosuke_Takagi
67,69,badoer,\N,BAD,Luca,Badoer,1971-01-25,Italian,http://en.wikipedia.org/wiki/Luca_Badoer
68,70,zanardi,\N,\N,Alessandro,Zanardi,1966-10-23,Italian,http://en.wikipedia.org/wiki/Alex_Zanardi
69,71,damon_hill,\N,\N,Damon,Hill,1960-09-17,British,http://en.wikipedia.org/wiki/Damon_Hill
70,72,sarrazin,\N,\N,Stéphane,Sarrazin,1975-11-02,French,http://en.wikipedia.org/wiki/St%C3%A9phane_Sarrazin
71,73,rosset,\N,\N,Ricardo,Rosset,1968-07-27,Brazilian,http://en.wikipedia.org/wiki/Ricardo_Rosset
72,74,tuero,\N,\N,Esteban,Tuero,1978-04-22,Argentine,http://en.wikipedia.org/wiki/Esteban_Tuero
73,75,nakano,\N,\N,Shinji,Nakano,1971-04-01,Japanese,http://en.wikipedia.org/wiki/Shinji_Nakano
74,76,magnussen,\N,MAG,Jan,Magnussen,1973-07-04,Danish,http://en.wikipedia.org/wiki/Jan_Magnussen
75,77,berger,\N,\N,Gerhard,Berger,1959-08-27,Austrian,http://en.wikipedia.org/wiki/Gerhard_Berger
76,78,larini,\N,\N,Nicola,Larini,1964-03-19,Italian,http://en.wikipedia.org/wiki/Nicola_Larini
77,79,katayama,\N,\N,Ukyo,Katayama,1963-05-29,Japanese,http://en.wikipedia.org/wiki/Ukyo_Katayama
78,80,sospiri,\N,\N,Vincenzo,Sospiri,1966-10-07,Italian,http://en.wikipedia.org/wiki/Vincenzo_Sospiri
79,81,morbidelli,\N,\N,Gianni,Morbidelli,1968-01-13,Italian,http://en.wikipedia.org/wiki/Gianni_Morbidelli
80,82,fontana,\N,\N,Norberto,Fontana,1975-01-20,Argentine,http://en.wikipedia.org/wiki/Norberto_Fontana
81,83,lamy,\N,\N,Pedro,Lamy,1972-03-20,Portuguese,http://en.wikipedia.org/wiki/Pedro_Lamy
82,84,brundle,\N,\N,Martin,Brundle,1959-06-01,British,http://en.wikipedia.org/wiki/Martin_Brundle
83,85,montermini,\N,\N,Andrea,Montermini,1964-05-30,Italian,http://en.wikipedia.org/wiki/Andrea_Montermini
84,86,lavaggi,\N,\N,Giovanni,Lavaggi,1958-02-18,Italian,http://en.wikipedia.org/wiki/Giovanni_Lavaggi
85,87,blundell,\N,\N,Mark,Blundell,1966-04-08,British,http://en.wikipedia.org/wiki/Mark_Blundell
86,88,suzuki,\N,\N,Aguri,Suzuki,1960-09-08,Japanese,http://en.wikipedia.org/wiki/Aguri_Suzuki
87,89,inoue,\N,\N,Taki,Inoue,1963-09-05,Japanese,http://en.wikipedia.org/wiki/Taki_Inoue
88,90,moreno,\N,\N,Roberto,Moreno,1959-02-11,Brazilian,http://en.wikipedia.org/wiki/Roberto_Moreno
89,91,wendlinger,\N,\N,Karl,Wendlinger,1968-12-20,Austrian,http://en.wikipedia.org/wiki/Karl_Wendlinger
90,92,gachot,\N,\N,Bertrand,Gachot,1962-12-23,Belgian,http://en.wikipedia.org/wiki/Bertrand_Gachot
91,93,schiattarella,\N,\N,Domenico,Schiattarella,1967-11-17,Italian,http://en.wikipedia.org/wiki/Domenico_Schiattarella
92,94,martini,\N,\N,Pierluigi,Martini,1961-04-23,Italian,http://en.wikipedia.org/wiki/Pierluigi_Martini
93,95,mansell,\N,\N,Nigel,Mansell,1953-08-08,British,http://en.wikipedia.org/wiki/Nigel_Mansell
94,96,boullion,\N,\N,Jean-Christophe,Boullion,1969-12-27,French,http://en.wikipedia.org/wiki/Jean-Christophe_Boullion
95,97,papis,\N,\N,Massimiliano,Papis,1969-10-03,Italian,http://en.wikipedia.org/wiki/Massimiliano_Papis
96,98,deletraz,\N,\N,Jean-Denis,Délétraz,1963-10-01,Swiss,http://en.wikipedia.org/wiki/Jean-Denis_Deletraz
97,99,tarquini,\N,\N,Gabriele,Tarquini,1962-03-02,Italian,http://en.wikipedia.org/wiki/Gabriele_Tarquini
98,100,comas,\N,\N,Érik,Comas,1963-09-28,French,http://en.wikipedia.org/wiki/%C3%89rik_Comas
99,101,brabham,\N,\N,David,Brabham,1965-09-05,Australian,http://en.wikipedia.org/wiki/David_Brabham
100,102,senna,\N,\N,Ayrton,Senna,1960-03-21,Brazilian,http://en.wikipedia.org/wiki/Ayrton_Senna
101,103,bernard,\N,\N,Éric,Bernard,1964-08-24,French,http://en.wikipedia.org/wiki/%C3%89ric_Bernard
102,104,fittipaldi,\N,\N,Christian,Fittipaldi,1971-01-18,Brazilian,http://en.wikipedia.org/wiki/Christian_Fittipaldi
103,105,alboreto,\N,\N,Michele,Alboreto,1956-12-23,Italian,http://en.wikipedia.org/wiki/Michele_Alboreto
104,106,beretta,\N,\N,Olivier,Beretta,1969-11-23,Monegasque,http://en.wikipedia.org/wiki/Olivier_Beretta
105,107,ratzenberger,\N,\N,Roland,Ratzenberger,1960-07-04,Austrian,http://en.wikipedia.org/wiki/Roland_Ratzenberger
106,108,belmondo,\N,\N,Paul,Belmondo,1963-04-23,French,http://en.wikipedia.org/wiki/Paul_Belmondo
107,109,lehto,\N,\N,Jyrki,Järvilehto,1966-01-31,Finnish,http://en.wikipedia.org/wiki/Jyrki_J%C3%A4rvilehto
108,110,cesaris,\N,\N,Andrea,de Cesaris,1959-05-31,Italian,http://en.wikipedia.org/wiki/Andrea_de_Cesaris
109,111,gounon,\N,\N,Jean-Marc,Gounon,1963-01-01,French,http://en.wikipedia.org/wiki/Jean-Marc_Gounon
110,112,alliot,\N,\N,Philippe,Alliot,1954-07-27,French,http://en.wikipedia.org/wiki/Philippe_Alliot
111,113,adams,\N,\N,Philippe,Adams,1969-11-19,Belgian,http://en.wikipedia.org/wiki/Philippe_Adams
112,114,dalmas,\N,\N,Yannick,Dalmas,1961-07-28,French,http://en.wikipedia.org/wiki/Yannick_Dalmas
113,115,noda,\N,\N,Hideki,Noda,1969-03-07,Japanese,http://en.wikipedia.org/wiki/Hideki_Noda
114,116,lagorce,\N,\N,Franck,Lagorce,1968-09-01,French,http://en.wikipedia.org/wiki/Franck_Lagorce
115,117,prost,\N,\N,Alain,Prost,1955-02-24,French,http://en.wikipedia.org/wiki/Alain_Prost
116,118,warwick,\N,\N,Derek,Warwick,1954-08-27,British,http://en.wikipedia.org/wiki/Derek_Warwick
117,119,patrese,\N,\N,Riccardo,Patrese,1954-04-17,Italian,http://en.wikipedia.org/wiki/Riccardo_Patrese
118,120,barbazza,\N,\N,Fabrizio,Barbazza,1963-04-02,Italian,http://en.wikipedia.org/wiki/Fabrizio_Barbazza
119,121,andretti,\N,\N,Michael,Andretti,1962-10-05,American,http://en.wikipedia.org/wiki/Michael_Andretti
120,122,capelli,\N,\N,Ivan,Capelli,1963-05-24,Italian,http://en.wikipedia.org/wiki/Ivan_Capelli
121,123,boutsen,\N,\N,Thierry,Boutsen,1957-07-13,Belgian,http://en.wikipedia.org/wiki/Thierry_Boutsen
122,124,apicella,\N,\N,Marco,Apicella,1965-10-07,Italian,http://en.wikipedia.org/wiki/Marco_Apicella
123,125,naspetti,\N,\N,Emanuele,Naspetti,1968-02-24,Italian,http://en.wikipedia.org/wiki/Emanuele_Naspetti
124,126,toshio_suzuki,\N,\N,Toshio,Suzuki,1955-03-10,Japanese,http://en.wikipedia.org/wiki/Toshio_Suzuki_(driver)
125,127,gugelmin,\N,\N,Maurício,Gugelmin,1963-04-20,Brazilian,http://en.wikipedia.org/wiki/Maur%C3%ADcio_Gugelmin
126,128,poele,\N,\N,Eric,van de Poele,1961-09-30,Belgian,http://en.wikipedia.org/wiki/Eric_van_de_Poele
127,129,grouillard,\N,\N,Olivier,Grouillard,1958-09-02,French,http://en.wikipedia.org/wiki/Olivier_Grouillard
128,130,chiesa,\N,\N,Andrea,Chiesa,1964-05-06,Swiss,http://en.wikipedia.org/wiki/Andrea_Chiesa
129,131,modena,\N,\N,Stefano,Modena,1963-05-12,Italian,http://en.wikipedia.org/wiki/Stefano_Modena
130,132,amati,\N,\N,Giovanna,Amati,1959-07-20,Italian,http://en.wikipedia.org/wiki/Giovanna_Amati
131,133,caffi,\N,\N,Alex,Caffi,1964-03-18,Italian,http://en.wikipedia.org/wiki/Alex_Caffi
132,134,bertaggia,\N,\N,Enrico,Bertaggia,1964-09-19,Italian,http://en.wikipedia.org/wiki/Enrico_Bertaggia
133,135,mccarthy,\N,\N,Perry,McCarthy,1961-03-03,British,http://en.wikipedia.org/wiki/Perry_McCarthy
134,136,lammers,\N,\N,Jan,Lammers,1956-06-02,Dutch,http://en.wikipedia.org/wiki/Jan_Lammers
135,137,piquet,\N,\N,Nelson,Piquet,1952-08-17,Brazilian,http://en.wikipedia.org/wiki/Nelson_Piquet
136,138,satoru_nakajima,\N,\N,Satoru,Nakajima,1953-02-23,Japanese,http://en.wikipedia.org/wiki/Satoru_Nakajima
137,139,pirro,\N,\N,Emanuele,Pirro,1962-01-12,Italian,http://en.wikipedia.org/wiki/Emanuele_Pirro
138,140,johansson,\N,\N,Stefan,Johansson,1956-09-08,Swedish,http://en.wikipedia.org/wiki/Stefan_Johansson
139,141,bailey,\N,\N,Julian,Bailey,1961-10-09,British,http://en.wikipedia.org/wiki/Julian_Bailey
140,142,chaves,\N,\N,Pedro,Chaves,1965-02-27,Portuguese,http://en.wikipedia.org/wiki/Pedro_Chaves
141,143,bartels,\N,\N,Michael,Bartels,1968-03-08,German,http://en.wikipedia.org/wiki/Michael_Bartels
142,144,hattori,\N,\N,Naoki,Hattori,1966-06-13,Japanese,http://en.wikipedia.org/wiki/Naoki_Hattori
143,145,nannini,\N,\N,Alessandro,Nannini,1959-07-07,Italian,http://en.wikipedia.org/wiki/Alessandro_Nannini
144,146,schneider,\N,\N,Bernd,Schneider,1964-07-20,German,http://en.wikipedia.org/wiki/Bernd_Schneider_(racecar_driver)
145,147,barilla,\N,\N,Paolo,Barilla,1961-04-20,Italian,http://en.wikipedia.org/wiki/Paolo_Barilla
146,148,foitek,\N,\N,Gregor,Foitek,1965-03-27,Swiss,http://en.wikipedia.org/wiki/Gregor_Foitek
147,149,langes,\N,\N,Claudio,Langes,1960-07-20,Italian,http://en.wikipedia.org/wiki/Claudio_Langes
148,150,gary_brabham,\N,\N,Gary,Brabham,1961-03-29,Australian,http://en.wikipedia.org/wiki/Gary_Brabham
149,151,donnelly,\N,\N,Martin,Donnelly,1964-03-26,British,http://en.wikipedia.org/wiki/Martin_Donnelly_(racing_driver)
150,152,giacomelli,\N,\N,Bruno,Giacomelli,1952-09-10,Italian,http://en.wikipedia.org/wiki/Bruno_Giacomelli
151,153,alguersuari,\N,ALG,Jaime,Alguersuari,1990-03-23,Spanish,http://en.wikipedia.org/wiki/Jaime_Alguersuari
152,154,grosjean,8,GRO,Romain,Grosjean,1986-04-17,French,http://en.wikipedia.org/wiki/Romain_Grosjean
153,155,kobayashi,10,KOB,Kamui,Kobayashi,1986-09-13,Japanese,http://en.wikipedia.org/wiki/Kamui_Kobayashi
154,156,palmer,\N,\N,Jonathan,Palmer,1956-11-07,British,http://en.wikipedia.org/wiki/Jonathan_Palmer
155,157,danner,\N,\N,Christian,Danner,1958-04-04,German,http://en.wikipedia.org/wiki/Christian_Danner
156,158,cheever,\N,\N,Eddie,Cheever,1958-01-10,American,http://en.wikipedia.org/wiki/Eddie_Cheever
157,159,sala,\N,\N,Luis,Pérez-Sala,1959-05-15,Spanish,http://en.wikipedia.org/wiki/Luis_Perez-Sala
158,160,ghinzani,\N,\N,Piercarlo,Ghinzani,1952-01-16,Italian,http://en.wikipedia.org/wiki/Piercarlo_Ghinzani
159,161,weidler,\N,\N,Volker,Weidler,1962-03-18,German,http://en.wikipedia.org/wiki/Volker_Weidler
160,162,raphanel,\N,\N,Pierre-Henri,Raphanel,1961-05-27,French,http://en.wikipedia.org/wiki/Pierre-Henri_Raphanel
161,163,arnoux,\N,\N,René,Arnoux,1948-07-04,French,http://en.wikipedia.org/wiki/Ren%C3%A9_Arnoux
162,164,joachim_winkelhock,\N,\N,Joachim,Winkelhock,1960-10-24,German,http://en.wikipedia.org/wiki/Joachim_Winkelhock
163,165,larrauri,\N,\N,Oscar,Larrauri,1954-08-19,Argentine,http://en.wikipedia.org/wiki/Oscar_Larrauri
164,166,streiff,\N,\N,Philippe,Streiff,1955-06-26,French,http://en.wikipedia.org/wiki/Philippe_Streiff
165,167,campos,\N,\N,Adrián,Campos,1960-06-17,Spanish,http://en.wikipedia.org/wiki/Adri%C3%A1n_Campos
166,168,schlesser,\N,\N,Jean-Louis,Schlesser,1948-09-12,French,http://en.wikipedia.org/wiki/Jean-Louis_Schlesser
167,169,fabre,\N,\N,Pascal,Fabre,1960-01-09,French,http://en.wikipedia.org/wiki/Pascal_Fabre
168,170,fabi,\N,\N,Teo,Fabi,1955-03-09,Italian,http://en.wikipedia.org/wiki/Teo_Fabi
169,171,forini,\N,\N,Franco,Forini,1958-09-22,Swiss,http://en.wikipedia.org/wiki/Franco_Forini
170,172,laffite,\N,\N,Jacques,Laffite,1943-11-21,French,http://en.wikipedia.org/wiki/Jacques_Laffite
171,173,angelis,\N,\N,Elio,de Angelis,1958-03-26,Italian,http://en.wikipedia.org/wiki/Elio_de_Angelis
172,174,dumfries,\N,\N,Johnny,Dumfries,1958-04-26,British,http://en.wikipedia.org/wiki/Johnny_Dumfries
173,175,tambay,\N,\N,Patrick,Tambay,1949-06-25,French,http://en.wikipedia.org/wiki/Patrick_Tambay
174,176,surer,\N,\N,Marc,Surer,1951-09-18,Swiss,http://en.wikipedia.org/wiki/Marc_Surer
175,177,keke_rosberg,\N,\N,Keke,Rosberg,1948-12-06,Finnish,http://en.wikipedia.org/wiki/Keke_Rosberg
176,178,jones,\N,\N,Alan,Jones,1946-11-02,Australian,http://en.wikipedia.org/wiki/Alan_Jones_(Formula_1)
177,179,rothengatter,\N,\N,Huub,Rothengatter,1954-10-08,Dutch,http://en.wikipedia.org/wiki/Huub_Rothengatter
178,180,berg,\N,\N,Allen,Berg,1961-08-01,Canadian,http://en.wikipedia.org/wiki/Allen_Berg
179,181,manfred_winkelhock,\N,\N,Manfred,Winkelhock,1951-10-06,German,http://en.wikipedia.org/wiki/Manfred_Winkelhock
180,182,lauda,\N,\N,Niki,Lauda,1949-02-22,Austrian,http://en.wikipedia.org/wiki/Niki_Lauda
181,183,hesnault,\N,\N,François,Hesnault,1956-12-30,French,http://en.wikipedia.org/wiki/Fran%C3%A7ois_Hesnault
182,184,baldi,\N,\N,Mauro,Baldi,1954-01-31,Italian,http://en.wikipedia.org/wiki/Mauro_Baldi
183,185,bellof,\N,\N,Stefan,Bellof,1957-11-20,German,http://en.wikipedia.org/wiki/Stefan_Bellof
184,186,acheson,\N,\N,Kenny,Acheson,1957-11-27,British,http://en.wikipedia.org/wiki/Kenny_Acheson
185,187,watson,\N,\N,John,Watson,1946-05-04,British,http://en.wikipedia.org/wiki/John_Watson_(racing_driver)
186,188,cecotto,\N,\N,Johnny,Cecotto,1956-01-25,Venezuelan,http://en.wikipedia.org/wiki/Johnny_Cecotto
187,189,gartner,\N,\N,Jo,Gartner,1954-01-24,Austrian,http://en.wikipedia.org/wiki/Jo_Gartner
188,190,corrado_fabi,\N,\N,Corrado,Fabi,1961-04-12,Italian,http://en.wikipedia.org/wiki/Corrado_Fabi
189,191,thackwell,\N,\N,Mike,Thackwell,1961-03-30,New Zealander,http://en.wikipedia.org/wiki/Mike_Thackwell
190,192,serra,\N,\N,Chico,Serra,1957-02-03,Brazilian,http://en.wikipedia.org/wiki/Chico_Serra
191,193,sullivan,\N,\N,Danny,Sullivan,1950-03-09,American,http://en.wikipedia.org/wiki/Danny_Sullivan
192,194,salazar,\N,\N,Eliseo,Salazar,1954-11-14,Chilean,http://en.wikipedia.org/wiki/Eliseo_Salazar
193,195,guerrero,\N,\N,Roberto,Guerrero,1958-11-16,Colombian,http://en.wikipedia.org/wiki/Roberto_Guerrero
194,196,boesel,\N,\N,Raul,Boesel,1957-12-04,Brazilian,http://en.wikipedia.org/wiki/Raul_Boesel
195,197,jarier,\N,\N,Jean-Pierre,Jarier,1946-07-10,French,http://en.wikipedia.org/wiki/Jean-Pierre_Jarier
196,198,villeneuve_sr,\N,\N,Jacques,Villeneuve Sr.,1953-11-04,Canadian,http://en.wikipedia.org/wiki/Jacques_Villeneuve_(elder)
197,199,reutemann,\N,\N,Carlos,Reutemann,1942-04-12,Argentine,http://en.wikipedia.org/wiki/Carlos_Reutemann
198,200,mass,\N,\N,Jochen,Mass,1946-09-30,German,http://en.wikipedia.org/wiki/Jochen_Mass
199,201,borgudd,\N,\N,Slim,Borgudd,1946-11-25,Swedish,http://en.wikipedia.org/wiki/Slim_Borgudd
200,202,pironi,\N,\N,Didier,Pironi,1952-03-26,French,http://en.wikipedia.org/wiki/Didier_Pironi
201,203,gilles_villeneuve,\N,\N,Gilles,Villeneuve,1950-01-18,Canadian,http://en.wikipedia.org/wiki/Gilles_Villeneuve
202,204,paletti,\N,\N,Riccardo,Paletti,1958-06-15,Italian,http://en.wikipedia.org/wiki/Riccardo_Paletti
203,205,henton,\N,\N,Brian,Henton,1946-09-19,British,http://en.wikipedia.org/wiki/Brian_Henton
204,206,daly,\N,\N,Derek,Daly,1953-03-11,Irish,http://en.wikipedia.org/wiki/Derek_Daly
205,207,mario_andretti,\N,\N,Mario,Andretti,1940-02-28,American,http://en.wikipedia.org/wiki/Mario_Andretti
206,208,villota,\N,\N,Emilio,de Villota,1946-07-26,Spanish,http://en.wikipedia.org/wiki/Emilio_de_Villota
207,209,lees,\N,\N,Geoff,Lees,1951-05-01,British,http://en.wikipedia.org/wiki/Geoff_Lees
208,210,byrne,\N,\N,Tommy,Byrne,1958-05-06,Irish,http://en.wikipedia.org/wiki/Tommy_Byrne_%28racing_driver%29
209,211,keegan,\N,\N,Rupert,Keegan,1955-02-26,British,http://en.wikipedia.org/wiki/Rupert_Keegan
210,212,rebaque,\N,\N,Hector,Rebaque,1956-02-05,Mexican,http://en.wikipedia.org/wiki/Hector_Rebaque
211,213,gabbiani,\N,\N,Beppe,Gabbiani,1957-01-02,Italian,http://en.wikipedia.org/wiki/Beppe_Gabbiani
212,214,cogan,\N,\N,Kevin,Cogan,1956-03-31,American,http://en.wikipedia.org/wiki/Kevin_Cogan
213,215,guerra,\N,\N,Miguel Ángel,Guerra,1953-08-31,Argentine,http://en.wikipedia.org/wiki/Miguel_Angel_Guerra
214,216,stohr,\N,\N,Siegfried,Stohr,1952-10-10,Italian,http://en.wikipedia.org/wiki/Siegfried_Stohr
215,217,zunino,\N,\N,Ricardo,Zunino,1949-04-13,Argentine,http://en.wikipedia.org/wiki/Ricardo_Zunino
216,218,londono,\N,\N,Ricardo,Londoño,1949-08-08,Colombian,http://en.wikipedia.org/wiki/Ricardo_Londo%C3%B1o
217,219,jabouille,\N,\N,Jean-Pierre,Jabouille,1942-10-01,French,http://en.wikipedia.org/wiki/Jean-Pierre_Jabouille
218,220,francia,\N,\N,Giorgio,Francia,1947-11-08,Italian,http://en.wikipedia.org/wiki/Giorgio_Francia
219,221,depailler,\N,\N,Patrick,Depailler,1944-08-09,French,http://en.wikipedia.org/wiki/Patrick_Depailler
220,222,scheckter,\N,\N,Jody,Scheckter,1950-01-29,South African,http://en.wikipedia.org/wiki/Jody_Scheckter
221,223,regazzoni,\N,\N,Clay,Regazzoni,1939-09-05,Swiss,http://en.wikipedia.org/wiki/Clay_Regazzoni
222,224,emerson_fittipaldi,\N,\N,Emerson,Fittipaldi,1946-12-12,Brazilian,http://en.wikipedia.org/wiki/Emerson_Fittipaldi
223,225,kennedy,\N,\N,Dave,Kennedy,1953-01-15,Irish,http://en.wikipedia.org/wiki/David_Kennedy_(racing_driver)
224,226,south,\N,\N,Stephen,South,1952-02-19,British,http://en.wikipedia.org/wiki/Stephen_South
225,227,needell,\N,\N,Tiff,Needell,1951-10-29,British,http://en.wikipedia.org/wiki/Tiff_Needell
226,228,desire_wilson,\N,\N,Desiré,Wilson,1953-11-26,South African,http://en.wikipedia.org/wiki/Desir%C3%A9_Wilson
227,229,ertl,\N,\N,Harald,Ertl,1948-08-31,Austrian,http://en.wikipedia.org/wiki/Harald_Ertl
228,230,brambilla,\N,\N,Vittorio,Brambilla,1937-11-11,Italian,http://en.wikipedia.org/wiki/Vittorio_Brambilla
229,231,hunt,\N,\N,James,Hunt,1947-08-29,British,http://en.wikipedia.org/wiki/James_Hunt
230,232,merzario,\N,\N,Arturo,Merzario,1943-03-11,Italian,http://en.wikipedia.org/wiki/Arturo_Merzario
231,233,stuck,\N,\N,Hans-Joachim,Stuck,1951-01-01,German,http://en.wikipedia.org/wiki/Hans_Joachim_Stuck
232,234,brancatelli,\N,\N,Gianfranco,Brancatelli,1950-01-18,Italian,http://en.wikipedia.org/wiki/Gianfranco_Brancatelli
233,235,ickx,\N,\N,Jacky,Ickx,1945-01-01,Belgian,http://en.wikipedia.org/wiki/Jacky_Ickx
234,236,gaillard,\N,\N,Patrick,Gaillard,1952-02-12,French,http://en.wikipedia.org/wiki/Patrick_Gaillard
235,237,ribeiro,\N,\N,Alex,Ribeiro,1948-11-07,Brazilian,http://en.wikipedia.org/wiki/Alex_Ribeiro
236,238,peterson,\N,\N,Ronnie,Peterson,1944-02-14,Swedish,http://en.wikipedia.org/wiki/Ronnie_Peterson
237,239,lunger,\N,\N,Brett,Lunger,1945-11-14,American,http://en.wikipedia.org/wiki/Brett_Lunger
238,240,ongais,\N,\N,Danny,Ongais,1942-05-21,American,http://en.wikipedia.org/wiki/Danny_Ongais
239,241,leoni,\N,\N,Lamberto,Leoni,1953-05-24,Italian,http://en.wikipedia.org/wiki/Lamberto_Leoni
240,242,galica,\N,\N,Divina,Galica,1944-08-13,British,http://en.wikipedia.org/wiki/Divina_Galica
241,243,stommelen,\N,\N,Rolf,Stommelen,1943-07-11,German,http://en.wikipedia.org/wiki/Rolf_Stommelen
242,244,colombo,\N,\N,Alberto,Colombo,1946-02-23,Italian,http://en.wikipedia.org/wiki/Alberto_Colombo
243,245,trimmer,\N,\N,Tony,Trimmer,1943-01-24,British,http://en.wikipedia.org/wiki/Tony_Trimmer
244,246,binder,\N,\N,Hans,Binder,1948-06-12,Austrian,http://en.wikipedia.org/wiki/Hans_Binder
245,247,bleekemolen,\N,\N,Michael,Bleekemolen,1949-10-02,Dutch,http://en.wikipedia.org/wiki/Michael_Bleekemolen
246,248,gimax,\N,\N,Carlo,Franchi,1938-01-01,Italian,http://en.wikipedia.org/wiki/Gimax
247,249,rahal,\N,\N,Bobby,Rahal,1953-01-10,American,http://en.wikipedia.org/wiki/Bobby_Rahal
248,250,pace,\N,\N,Carlos,Pace,1944-10-06,Brazilian,http://en.wikipedia.org/wiki/Carlos_Pace
249,251,ian_scheckter,\N,\N,Ian,Scheckter,1947-08-22,South African,http://en.wikipedia.org/wiki/Ian_Scheckter
250,252,pryce,\N,\N,Tom,Pryce,1949-06-11,British,http://en.wikipedia.org/wiki/Tom_Pryce
251,253,hoffmann,\N,\N,Ingo,Hoffmann,1953-02-28,Brazilian,http://en.wikipedia.org/wiki/Ingo_Hoffmann
252,254,zorzi,\N,\N,Renzo,Zorzi,1946-12-12,Italian,http://en.wikipedia.org/wiki/Renzo_Zorzi
253,255,nilsson,\N,\N,Gunnar,Nilsson,1948-11-20,Swedish,http://en.wikipedia.org/wiki/Gunnar_Nilsson
254,256,perkins,\N,\N,Larry,Perkins,1950-03-18,Australian,http://en.wikipedia.org/wiki/Larry_Perkins
255,257,hayje,\N,\N,Boy,Lunger,1949-05-03,Dutch,http://en.wikipedia.org/wiki/Boy_Hayje
256,258,neve,\N,\N,Patrick,Nève,1949-10-13,Belgian,http://en.wikipedia.org/wiki/Patrick_Neve
257,259,purley,\N,\N,David,Purley,1945-01-26,British,http://en.wikipedia.org/wiki/David_Purley
258,260,andersson,\N,\N,Conny,Andersson,1939-12-28,Swedish,http://en.wikipedia.org/wiki/Conny_Andersson_(racing_driver)
259,261,dryver,\N,\N,Bernard,de Dryver,1952-09-19,Belgian,http://en.wikipedia.org/wiki/Bernard_de_Dryver
260,262,oliver,\N,\N,Jackie,Oliver,1942-08-14,British,http://en.wikipedia.org/wiki/Jackie_Oliver
261,263,kozarowitzky,\N,\N,Mikko,Kozarowitzky,1948-05-17,Finnish,http://en.wikipedia.org/wiki/Mikko_Kozarowitzky
262,264,sutcliffe,\N,\N,Andy,Sutcliffe,1947-05-09,British,http://en.wikipedia.org/wiki/Andy_Sutcliffe
263,265,edwards,\N,\N,Guy,Edwards,1942-12-30,British,http://en.wikipedia.org/wiki/Guy_Edwards
264,266,mcguire,\N,\N,Brian,McGuire,1945-12-13,Australian,http://en.wikipedia.org/wiki/Brian_McGuire
265,267,schuppan,\N,\N,Vern,Schuppan,1943-03-19,Australian,http://en.wikipedia.org/wiki/Vern_Schuppan
266,268,heyer,\N,\N,Hans,Heyer,1943-03-16,German,http://en.wikipedia.org/wiki/Hans_Heyer
267,269,pilette,\N,\N,Teddy,Pilette,1942-07-26,Belgian,http://en.wikipedia.org/wiki/Teddy_Pilette
268,270,ashley,\N,\N,Ian,Ashley,1947-10-26,British,http://en.wikipedia.org/wiki/Ian_Ashley
269,271,kessel,\N,\N,Loris,Kessel,1950-04-01,Swiss,http://en.wikipedia.org/wiki/Loris_Kessel
270,272,takahashi,\N,\N,Kunimitsu,Takahashi,1940-01-29,Japanese,http://en.wikipedia.org/wiki/Kunimitsu_Takahashi
271,273,hoshino,\N,\N,Kazuyoshi,Hoshino,1947-07-01,Japanese,http://en.wikipedia.org/wiki/Kazuyoshi_Hoshino
272,274,takahara,\N,\N,Noritake,Takahara,1951-06-06,Japanese,http://en.wikipedia.org/wiki/Noritake_Takahara
273,275,lombardi,\N,\N,Lella,Lombardi,1941-03-26,Italian,http://en.wikipedia.org/wiki/Lella_Lombardi
274,276,evans,\N,\N,Bob,Evans,1947-06-11,British,http://en.wikipedia.org/wiki/Bob_Evans_(race_driver)
275,277,leclere,\N,\N,Michel,Leclère,1946-03-18,French,http://en.wikipedia.org/wiki/Michel_Lecl%C3%A8re
276,278,amon,\N,\N,Chris,Amon,1943-07-20,New Zealander,http://en.wikipedia.org/wiki/Chris_Amon
277,279,zapico,\N,\N,Emilio,Zapico,1944-05-27,Spanish,http://en.wikipedia.org/wiki/Emilio_Zapico
278,280,pescarolo,\N,\N,Henri,Pescarolo,1942-09-25,French,http://en.wikipedia.org/wiki/Henri_Pescarolo
279,281,nelleman,\N,\N,Jac,Nelleman,1944-04-19,Danish,http://en.wikipedia.org/wiki/Jac_Nelleman
280,282,magee,\N,\N,Damien,Magee,1945-11-17,British,http://en.wikipedia.org/wiki/Damien_Magee
281,283,wilds,\N,\N,Mike,Wilds,1946-01-07,British,http://en.wikipedia.org/wiki/Mike_Wilds
282,284,pesenti_rossi,\N,\N,Alessandro,Pesenti-Rossi,1942-08-31,Italian,http://en.wikipedia.org/wiki/Alessandro_Pesenti-Rossi
283,285,stuppacher,\N,\N,Otto,Stuppacher,1947-03-03,Austrian,http://en.wikipedia.org/wiki/Otto_Stuppacher
284,286,brown,\N,\N,Warwick,Brown,1949-12-24,Australian,http://en.wikipedia.org/wiki/Warwick_Brown
285,287,hasemi,\N,\N,Masahiro,Hasemi,1945-11-13,Japanese,http://en.wikipedia.org/wiki/Masahiro_Hasemi
286,288,donohue,\N,\N,Mark,Donohue,1937-03-18,American,http://en.wikipedia.org/wiki/Mark_Donohue
287,289,hill,\N,\N,Graham,Hill,1929-02-15,British,http://en.wikipedia.org/wiki/Graham_Hill
288,290,wilson_fittipaldi,\N,\N,Wilson,Fittipaldi,1943-12-25,Brazilian,http://en.wikipedia.org/wiki/Wilson_Fittipaldi
289,291,tunmer,\N,\N,Guy,Tunmer,1948-12-01,South African,http://en.wikipedia.org/wiki/Guy_Tunmer
290,292,keizan,\N,\N,Eddie,Keizan,1944-09-12,South African,http://en.wikipedia.org/wiki/Eddie_Keizan
291,293,charlton,\N,\N,Dave,Charlton,1936-10-27,South African,http://en.wikipedia.org/wiki/Dave_Charlton
292,294,brise,\N,\N,Tony,Brise,1952-03-28,British,http://en.wikipedia.org/wiki/Tony_Brise
293,295,wunderink,\N,\N,Roelof,Wunderink,1948-12-12,Dutch,http://en.wikipedia.org/wiki/Roelof_Wunderink
294,296,migault,\N,\N,François,Migault,1944-12-04,French,http://en.wikipedia.org/wiki/Fran%C3%A7ois_Migault
295,297,palm,\N,\N,Torsten,Palm,1947-07-23,Swedish,http://en.wikipedia.org/wiki/Torsten_Palm
296,298,lennep,\N,\N,Gijs,van Lennep,1942-03-16,Dutch,http://en.wikipedia.org/wiki/Gijs_Van_Lennep
297,299,fushida,\N,\N,Hiroshi,Fushida,1946-03-10,Japanese,http://en.wikipedia.org/wiki/Hiroshi_Fushida
298,300,nicholson,\N,\N,John,Nicholson,1941-10-06,New Zealander,http://en.wikipedia.org/wiki/John_Nicholson_(racing_driver)
299,301,morgan,\N,\N,Dave,Morgan,1944-08-07,British,http://en.wikipedia.org/wiki/Dave_Morgan_(racing_driver)
300,302,crawford,\N,\N,Jim,Crawford,1948-02-13,British,http://en.wikipedia.org/wiki/Jim_Crawford_(driver)
301,303,vonlanthen,\N,\N,Jo,Vonlanthen,1942-05-31,Swiss,http://en.wikipedia.org/wiki/Jo_Vonlanthen
302,304,hulme,\N,\N,Denny,Hulme,1936-06-18,New Zealander,http://en.wikipedia.org/wiki/Denny_Hulme
303,305,hailwood,\N,\N,Mike,Hailwood,1940-04-02,British,http://en.wikipedia.org/wiki/Mike_Hailwood
304,306,beltoise,\N,\N,Jean-Pierre,Beltoise,1937-04-26,French,http://en.wikipedia.org/wiki/Jean-Pierre_Beltoise
305,307,ganley,\N,\N,Howden,Ganley,1941-12-24,New Zealander,http://en.wikipedia.org/wiki/Howden_Ganley
306,308,robarts,\N,\N,Richard,Robarts,1944-09-22,British,http://en.wikipedia.org/wiki/Richard_Robarts
307,309,revson,\N,\N,Peter,Revson,1939-02-27,American,http://en.wikipedia.org/wiki/Peter_Revson
308,310,driver,\N,\N,Paddy,Driver,1934-05-13,South African,http://en.wikipedia.org/wiki/Paddy_Driver
309,311,belso,\N,\N,Tom,Belsø,1942-08-27,Danish,http://en.wikipedia.org/wiki/Tom_Bels%C3%B8
310,312,redman,\N,\N,Brian,Redman,1937-03-09,British,http://en.wikipedia.org/wiki/Brian_Redman
311,313,opel,\N,\N,Rikky,von Opel,1947-10-14,Liechtensteiner,http://en.wikipedia.org/wiki/Rikky_von_Opel
312,314,schenken,\N,\N,Tim,Schenken,1943-09-26,Australian,http://en.wikipedia.org/wiki/Tim_Schenken
313,315,larrousse,\N,\N,Gérard,Larrousse,1940-05-23,French,http://en.wikipedia.org/wiki/G%C3%A9rard_Larrousse
314,316,kinnunen,\N,\N,Leo,Kinnunen,1943-08-05,Finnish,http://en.wikipedia.org/wiki/Leo_Kinnunen
315,317,wisell,\N,\N,Reine,Wisell,1941-09-30,Swedish,http://en.wikipedia.org/wiki/Reine_Wisell
316,318,roos,\N,\N,Bertil,Roos,1943-10-12,Swedish,http://en.wikipedia.org/wiki/Bertil_Roos
317,319,dolhem,\N,\N,José,Dolhem,1944-04-26,French,http://en.wikipedia.org/wiki/Jos%C3%A9_Dolhem
318,320,gethin,\N,\N,Peter,Gethin,1940-02-21,British,http://en.wikipedia.org/wiki/Peter_Gethin
319,321,bell,\N,\N,Derek,Bell,1941-10-31,British,http://en.wikipedia.org/wiki/Derek_Bell_(auto_racer)
320,322,hobbs,\N,\N,David,Hobbs,1939-06-09,British,http://en.wikipedia.org/wiki/David_Hobbs_(racing_driver)
321,323,quester,\N,\N,Dieter,Quester,1939-05-30,Austrian,http://en.wikipedia.org/wiki/Dieter_Quester
322,324,koinigg,\N,\N,Helmuth,Koinigg,1948-11-03,Austrian,http://en.wikipedia.org/wiki/Helmuth_Koinigg
323,325,facetti,\N,\N,Carlo,Facetti,1935-06-26,Italian,http://en.wikipedia.org/wiki/Carlo_Facetti
324,326,wietzes,\N,\N,Eppie,Wietzes,1938-05-28,Canadian,http://en.wikipedia.org/wiki/Eppie_Wietzes
325,327,cevert,\N,\N,François,Cevert,1944-02-25,French,http://en.wikipedia.org/wiki/Fran%C3%A7ois_Cevert
326,328,stewart,\N,\N,Jackie,Stewart,1939-06-11,British,http://en.wikipedia.org/wiki/Jackie_Stewart
327,329,beuttler,\N,\N,Mike,Beuttler,1940-04-13,British,http://en.wikipedia.org/wiki/Mike_Beuttler
328,330,galli,\N,\N,Nanni,Galli,1940-10-02,Italian,http://en.wikipedia.org/wiki/Nanni_Galli
329,331,bueno,\N,\N,Luiz,Bueno,1937-01-16,Brazilian,http://en.wikipedia.org/wiki/Luiz_Bueno
330,332,follmer,\N,\N,George,Follmer,1934-01-27,American,http://en.wikipedia.org/wiki/George_Follmer
331,333,adamich,\N,\N,Andrea,de Adamich,1941-10-03,Italian,http://en.wikipedia.org/wiki/Andrea_de_Adamich
332,334,pretorius,\N,\N,Jackie,Pretorius,1934-11-22,South African,http://en.wikipedia.org/wiki/Jackie_Pretorius
333,335,williamson,\N,\N,Roger,Williamson,1948-02-02,British,http://en.wikipedia.org/wiki/Roger_Williamson
334,336,mcrae,\N,\N,Graham,McRae,1940-03-05,New Zealander,http://en.wikipedia.org/wiki/Graham_McRae
335,337,marko,\N,\N,Helmut,Marko,1943-04-27,Austrian,http://en.wikipedia.org/wiki/Helmut_Marko
336,338,walker,\N,\N,David,Walker,1941-06-10,Australian,http://en.wikipedia.org/wiki/David_Walker_(racing_driver)
337,339,roig,\N,\N,Alex,Soler-Roig,1932-10-29,Spanish,http://en.wikipedia.org/wiki/Alex_Soler-Roig
338,340,love,\N,\N,John,Love,1924-12-07,Rhodesian,http://en.wikipedia.org/wiki/John_Love_(racing_driver)
339,341,surtees,\N,\N,John,Surtees,1934-02-11,British,http://en.wikipedia.org/wiki/John_Surtees
340,342,barber,\N,\N,Skip,Barber,1936-11-16,American,http://en.wikipedia.org/wiki/Skip_Barber
341,343,brack,\N,\N,Bill,Brack,1935-12-26,Canadian,http://en.wikipedia.org/wiki/Bill_Brack
342,344,posey,\N,\N,Sam,Posey,1944-05-26,American,http://en.wikipedia.org/wiki/Sam_Posey
343,345,rodriguez,\N,\N,Pedro,Rodríguez,1940-01-18,Mexican,http://en.wikipedia.org/wiki/Pedro_Rodr%C3%ADguez_(racing_driver)
344,346,siffert,\N,\N,Jo,Siffert,1936-07-07,Swiss,http://en.wikipedia.org/wiki/Jo_Siffert
345,347,bonnier,\N,\N,Jo,Bonnier,1930-01-31,Swedish,http://en.wikipedia.org/wiki/Joakim_Bonnier
346,348,mazet,\N,\N,François,Mazet,1943-02-24,French,http://en.wikipedia.org/wiki/Fran%C3%A7ois_Mazet
347,349,jean,\N,\N,Max,Jean,1943-07-27,French,http://en.wikipedia.org/wiki/Max_Jean
348,350,elford,\N,\N,Vic,Elford,1935-06-10,British,http://en.wikipedia.org/wiki/Vic_Elford
349,351,moser,\N,\N,Silvio,Moser,1941-04-24,Swiss,http://en.wikipedia.org/wiki/Silvio_Moser
350,352,eaton,\N,\N,George,Eaton,1945-11-12,Canadian,http://en.wikipedia.org/wiki/George_Eaton
351,353,lovely,\N,\N,Pete,Lovely,1926-04-11,American,http://en.wikipedia.org/wiki/Pete_Lovely
352,354,craft,\N,\N,Chris,Craft,1939-11-17,British,http://en.wikipedia.org/wiki/Chris_Craft_(racing_driver)
353,355,Cannoc,\N,\N,John,Cannon,1933-06-21,Canadian,http://en.wikipedia.org/wiki/John_Cannon_(auto_racer)
354,356,jack_brabham,\N,\N,Jack,Brabham,1926-04-02,Australian,http://en.wikipedia.org/wiki/Jack_Brabham
355,357,miles,\N,\N,John,Miles,1943-06-14,British,http://en.wikipedia.org/wiki/John_Miles_(auto_racer)
356,358,rindt,\N,\N,Jochen,Rindt,1942-04-18,Austrian,http://en.wikipedia.org/wiki/Jochen_Rindt
357,359,gavin,\N,\N,Johnny,Servoz-Gavin,1942-01-18,French,http://en.wikipedia.org/wiki/Johnny_Servoz-Gavin
358,360,mclaren,\N,\N,Bruce,McLaren,1937-08-30,New Zealander,http://en.wikipedia.org/wiki/Bruce_McLaren
359,361,courage,\N,\N,Piers,Courage,1942-05-27,British,http://en.wikipedia.org/wiki/Piers_Courage
360,362,klerk,\N,\N,Peter,de Klerk,1935-03-16,South African,http://en.wikipedia.org/wiki/Peter_de_Klerk
361,363,giunti,\N,\N,Ignazio,Giunti,1941-08-30,Italian,http://en.wikipedia.org/wiki/Ignazio_Giunti
362,364,gurney,\N,\N,Dan,Gurney,1931-04-13,American,http://en.wikipedia.org/wiki/Dan_Gurney
363,365,hahne,\N,\N,Hubert,Hahne,1935-03-28,German,http://en.wikipedia.org/wiki/Hubert_Hahne
364,366,hutchison,\N,\N,Gus,Hutchison,1937-04-26,American,http://en.wikipedia.org/wiki/Gus_Hutchison
365,367,westbury,\N,\N,Peter,Westbury,1938-05-26,British,http://en.wikipedia.org/wiki/Peter_Westbury
366,368,tingle,\N,\N,Sam,Tingle,1921-08-24,Rhodesian,http://en.wikipedia.org/wiki/Sam_Tingle
367,369,rooyen,\N,\N,Basil,van Rooyen,1939-04-19,South African,http://en.wikipedia.org/wiki/Basil_van_Rooyen
368,370,attwood,\N,\N,Richard,Attwood,1940-04-04,British,http://en.wikipedia.org/wiki/Richard_Attwood
369,371,pease,\N,\N,Al,Pease,1921-10-15,Canadian,http://en.wikipedia.org/wiki/Al_Pease
370,372,cordts,\N,\N,John,Cordts,1935-07-23,Canadian,http://en.wikipedia.org/wiki/John_Cordts
371,373,clark,\N,\N,Jim,Clark,1936-03-04,British,http://en.wikipedia.org/wiki/Jim_Clark
372,374,spence,\N,\N,Mike,Spence,1936-12-30,British,http://en.wikipedia.org/wiki/Mike_Spence
373,375,scarfiotti,\N,\N,Ludovico,Scarfiotti,1933-10-18,Italian,http://en.wikipedia.org/wiki/Ludovico_Scarfiotti
374,376,bianchi,\N,BIA,Lucien,Bianchi,1934-11-10,Belgian,http://en.wikipedia.org/wiki/Lucien_Bianchi
375,377,jo_schlesser,\N,\N,Jo,Schlesser,1928-05-18,French,http://en.wikipedia.org/wiki/Jo_Schlesser
376,378,widdows,\N,\N,Robin,Widdows,1942-05-27,British,http://en.wikipedia.org/wiki/Robin_Widdows
377,379,ahrens,\N,\N,Kurt,Ahrens,1940-04-19,German,"http://en.wikipedia.org/wiki/Kurt_Ahrens,_Jr."
378,380,gardner,\N,\N,Frank,Gardner,1930-10-01,Australian,http://en.wikipedia.org/wiki/Frank_Gardner_(driver)
379,381,unser,\N,\N,Bobby,Unser,1934-02-20,American,http://en.wikipedia.org/wiki/Bobby_Unser
380,382,solana,\N,\N,Moisés,Solana,1935-12-26,Mexican,http://en.wikipedia.org/wiki/Mois%C3%A9s_Solana
381,383,anderson,\N,\N,Bob,Anderson,1931-05-19,British,http://en.wikipedia.org/wiki/Bob_Anderson_(racing_driver)
382,384,botha,\N,\N,Luki,Botha,1930-01-16,South African,http://en.wikipedia.org/wiki/Luki_Botha
383,385,bandini,\N,\N,Lorenzo,Bandini,1935-12-21,Italian,http://en.wikipedia.org/wiki/Lorenzo_Bandini
384,386,ginther,\N,\N,Richie,Ginther,1930-08-05,American,http://en.wikipedia.org/wiki/Richie_Ginther
385,387,parkes,\N,\N,Mike,Parkes,1931-09-24,British,http://en.wikipedia.org/wiki/Mike_Parkes
386,388,irwin,\N,\N,Chris,Irwin,1942-06-27,British,http://en.wikipedia.org/wiki/Chris_Irwin
387,389,ligier,\N,\N,Guy,Ligier,1930-07-12,French,http://en.wikipedia.org/wiki/Guy_Ligier
388,390,rees,\N,\N,Alan,Rees,1938-01-12,British,http://en.wikipedia.org/wiki/Alan_Rees_(racing_driver)
389,391,hart,\N,\N,Brian,Hart,1936-09-07,British,http://en.wikipedia.org/wiki/Brian_Hart
390,392,fisher,\N,\N,Mike,Fisher,1943-03-13,American,http://en.wikipedia.org/wiki/Mike_Fisher_(driver)
391,393,tom_jones,\N,\N,Tom,Jones,1943-04-26,American,http://en.wikipedia.org/wiki/Tom_Jones_(auto_racer)
392,394,baghetti,\N,\N,Giancarlo,Baghetti,1934-12-25,Italian,http://en.wikipedia.org/wiki/Giancarlo_Baghetti
393,395,williams,\N,\N,Jonathan,Williams,1942-10-26,British,http://en.wikipedia.org/wiki/Jonathan_Williams_(racing_driver)
394,396,bondurant,\N,\N,Bob,Bondurant,1933-04-27,American,http://en.wikipedia.org/wiki/Bob_Bondurant
395,397,arundell,\N,\N,Peter,Arundell,1933-11-08,British,http://en.wikipedia.org/wiki/Peter_Arundell
396,398,vic_wilson,\N,\N,Vic,Wilson,1931-04-14,British,http://en.wikipedia.org/wiki/Vic_Wilson_(motor_racing_driver)
397,399,taylor,\N,\N,John,Taylor,1933-03-23,British,http://en.wikipedia.org/wiki/John_Taylor_(racer)
398,400,lawrence,\N,\N,Chris,Lawrence,1933-07-27,British,http://en.wikipedia.org/wiki/Chris_Lawrence_(racing_driver)
399,401,trevor_taylor,\N,\N,Trevor,Taylor,1936-12-26,British,http://en.wikipedia.org/wiki/Trevor_Taylor
400,402,geki,\N,\N,Giacomo,Russo,1937-10-23,Italian,http://en.wikipedia.org/wiki/Geki_(driver)
401,403,phil_hill,\N,\N,Phil,Hill,1927-04-20,American,http://en.wikipedia.org/wiki/Phil_Hill
402,404,ireland,\N,\N,Innes,Ireland,1930-06-12,British,http://en.wikipedia.org/wiki/Innes_Ireland
403,405,bucknum,\N,\N,Ronnie,Bucknum,1936-04-05,American,http://en.wikipedia.org/wiki/Ronnie_Bucknum
404,406,hawkins,\N,\N,Paul,Hawkins,1937-10-12,Australian,http://en.wikipedia.org/wiki/Paul_Hawkins_(racing_driver)
405,407,prophet,\N,\N,David,Prophet,1937-10-09,British,http://en.wikipedia.org/wiki/David_Prophet
406,408,maggs,\N,\N,Tony,Maggs,1937-02-09,South African,http://en.wikipedia.org/wiki/Tony_Maggs
407,409,blokdyk,\N,\N,Trevor,Blokdyk,1935-11-30,South African,http://en.wikipedia.org/wiki/Trevor_Blokdyk
408,410,lederle,\N,\N,Neville,Lederle,1938-09-25,South African,http://en.wikipedia.org/wiki/Neville_Lederle
409,411,serrurier,\N,\N,Doug,Serrurier,1920-12-09,South African,http://en.wikipedia.org/wiki/Doug_Serrurier
410,412,niemann,\N,\N,Brausch,Niemann,1939-01-07,South African,http://en.wikipedia.org/wiki/Brausch_Niemann
411,413,pieterse,\N,\N,Ernie,Pieterse,1938-07-04,South African,http://en.wikipedia.org/wiki/Ernie_Pieterse
412,414,puzey,\N,\N,Clive,Puzey,1941-07-11,Rhodesian,http://en.wikipedia.org/wiki/Clive_Puzey
413,415,reed,\N,\N,Ray,Reed,1932-04-30,South African,http://en.wikipedia.org/wiki/Ray_Reed
414,416,clapham,\N,\N,David,Clapham,1931-05-18,South African,http://en.wikipedia.org/wiki/David_Clapham
415,417,blignaut,\N,\N,Alex,Blignaut,1932-11-30,South African,http://en.wikipedia.org/wiki/Alex_Blignaut
416,418,gregory,\N,\N,Masten,Gregory,1932-02-29,American,http://en.wikipedia.org/wiki/Masten_Gregory
417,419,rhodes,\N,\N,John,Rhodes,1927-08-18,British,http://en.wikipedia.org/wiki/John_Rhodes_(driver)
418,420,raby,\N,\N,Ian,Raby,1921-09-22,British,http://en.wikipedia.org/wiki/Ian_Raby
419,421,rollinson,\N,\N,Alan,Rollinson,1943-05-15,British,http://en.wikipedia.org/wiki/Alan_Rollinson
420,422,gubby,\N,\N,Brian,Gubby,1934-04-17,British,http://en.wikipedia.org/wiki/Brian_Gubby
421,423,mitter,\N,\N,Gerhard,Mitter,1935-08-30,German,http://en.wikipedia.org/wiki/Gerhard_Mitter
422,424,bussinello,\N,\N,Roberto,Bussinello,1927-10-04,Italian,http://en.wikipedia.org/wiki/Roberto_Bussinello
423,425,vaccarella,\N,\N,Nino,Vaccarella,1933-03-04,Italian,http://en.wikipedia.org/wiki/Nino_Vaccarella
424,426,bassi,\N,\N,Giorgio,Bassi,1934-01-20,Italian,http://en.wikipedia.org/wiki/Giorgio_Bassi
425,427,trintignant,\N,\N,Maurice,Trintignant,1917-10-30,French,http://en.wikipedia.org/wiki/Maurice_Trintignant
426,428,collomb,\N,\N,Bernard,Collomb,1930-10-07,French,http://en.wikipedia.org/wiki/Bernard_Collomb
427,429,andre_pilette,\N,\N,André,Pilette,1918-10-06,Belgian,http://en.wikipedia.org/wiki/Andr%C3%A9_Pilette
428,430,beaufort,\N,\N,Carel Godin,de Beaufort,1934-04-10,Dutch,http://en.wikipedia.org/wiki/Carel_Godin_de_Beaufort
429,431,barth,\N,\N,Edgar,Barth,1917-01-26,German,http://en.wikipedia.org/wiki/Edgar_Barth
430,432,cabral,\N,\N,Mário de Araújo,Cabral,1934-01-15,Portuguese,http://en.wikipedia.org/wiki/Mario_de_Araujo_Cabral
431,433,hansgen,\N,\N,Walt,Hansgen,1919-10-28,American,http://en.wikipedia.org/wiki/Walt_Hansgen
432,434,sharp,\N,\N,Hap,Sharp,1928-01-01,American,http://en.wikipedia.org/wiki/Hap_Sharp
433,435,mairesse,\N,\N,Willy,Mairesse,1928-10-01,Belgian,http://en.wikipedia.org/wiki/Willy_Mairesse
434,436,campbell-jones,\N,\N,John,Campbell-Jones,1930-01-21,British,http://en.wikipedia.org/wiki/John_Campbell-Jones
435,437,burgess,\N,\N,Ian,Burgess,1930-07-06,British,http://en.wikipedia.org/wiki/Ian_Burgess
436,438,settember,\N,\N,Tony,Settember,1926-07-10,American,http://en.wikipedia.org/wiki/Tony_Settember
437,439,estefano,\N,\N,Nasif,Estéfano,1932-11-18,Argentine,http://en.wikipedia.org/wiki/Nasif_Est%C3%A9fano
438,440,hall,\N,\N,Jim,Hall,1935-07-23,American,http://en.wikipedia.org/wiki/Jim_Hall_(race_car_driver)
439,441,parnell,\N,\N,Tim,Parnell,1932-06-25,British,http://en.wikipedia.org/wiki/Tim_Parnell
440,442,kuhnke,\N,\N,Kurt,Kuhnke,1910-04-30,German,http://en.wikipedia.org/wiki/Kurt_Kuhnke
441,443,ernesto_brambilla,\N,\N,Ernesto,Brambilla,1934-01-31,Italian,http://en.wikipedia.org/wiki/Ernesto_Brambilla
442,444,lippi,\N,\N,Roberto,Lippi,1926-10-17,Italian,http://en.wikipedia.org/wiki/Roberto_Lippi
443,445,seiffert,\N,\N,Günther,Seiffert,1937-10-18,German,http://en.wikipedia.org/wiki/G%C3%BCnther_Seiffert
444,446,abate,\N,\N,Carlo,Abate,1932-07-10,Italian,http://en.wikipedia.org/wiki/Carlo_Mario_Abate
445,447,starrabba,\N,\N,Gaetano,Starrabba,1932-12-03,Italian,http://en.wikipedia.org/wiki/Gaetano_Starrabba
446,448,broeker,\N,\N,Peter,Broeker,1926-05-15,Canadian,http://en.wikipedia.org/wiki/Peter_Broeker
447,449,ward,\N,\N,Rodger,Ward,1921-01-10,American,http://en.wikipedia.org/wiki/Rodger_Ward
448,450,vos,\N,\N,Ernie,de Vos,1941-07-01,Dutch,http://en.wikipedia.org/wiki/Ernie_de_Vos
449,451,dochnal,\N,\N,Frank,Dochnal,1920-10-08,American,http://en.wikipedia.org/wiki/Frank_Dochnal
450,452,monarch,\N,\N,Thomas,Monarch,1945-09-03,American,
451,842,gasly,10,GAS,Pierre,Gasly,1996-02-07,French,http://en.wikipedia.org/wiki/Pierre_Gasly
452,453,lewis,\N,\N,Jackie,Lewis,1936-11-01,British,http://en.wikipedia.org/wiki/Jackie_Lewis
453,454,ricardo_rodriguez,\N,\N,Ricardo,Rodríguez,1942-02-14,Mexican,http://en.wikipedia.org/wiki/Ricardo_Rodr%C3%ADguez_(Formula_One)
454,455,seidel,\N,\N,Wolfgang,Seidel,1926-07-04,German,http://en.wikipedia.org/wiki/Wolfgang_Seidel
455,456,salvadori,\N,\N,Roy,Salvadori,1922-05-12,British,http://en.wikipedia.org/wiki/Roy_Salvadori
456,457,pon,\N,\N,Ben,Pon,1936-12-09,Dutch,http://en.wikipedia.org/wiki/Ben_Pon
457,458,slotemaker,\N,\N,Rob,Slotemaker,1929-06-13,Dutch,http://en.wikipedia.org/wiki/Rob_Slotemaker
458,459,marsh,\N,\N,Tony,Marsh,1931-07-20,British,http://en.wikipedia.org/wiki/Tony_Marsh_(racing_driver)
459,460,ashmore,\N,\N,Gerry,Ashmore,1936-07-25,British,http://en.wikipedia.org/wiki/Gerry_Ashmore
460,461,schiller,\N,\N,Heinz,Schiller,1930-01-25,Swiss,http://en.wikipedia.org/wiki/Heinz_Schiller
461,462,davis,\N,\N,Colin,Davis,1933-07-29,British,http://en.wikipedia.org/wiki/Colin_Davis_(driver)
462,463,chamberlain,\N,\N,Jay,Chamberlain,1925-12-29,American,http://en.wikipedia.org/wiki/Jay_Chamberlain
463,464,shelly,\N,\N,Tony,Shelly,1937-02-02,New Zealander,http://en.wikipedia.org/wiki/Tony_Shelly
464,465,greene,\N,\N,Keith,Greene,1938-01-05,British,http://en.wikipedia.org/wiki/Keith_Greene
465,466,walter,\N,\N,Heini,Walter,1927-07-28,Swiss,http://en.wikipedia.org/wiki/Heini_Walter
466,467,prinoth,\N,\N,Ernesto,Prinoth,1923-04-15,Italian,http://en.wikipedia.org/wiki/Ernesto_Prinoth
467,468,penske,\N,\N,Roger,Penske,1937-02-20,American,http://en.wikipedia.org/wiki/Roger_Penske
468,469,schroeder,\N,\N,Rob,Schroeder,1926-05-11,British,http://en.wikipedia.org/wiki/Rob_Schroeder
469,470,mayer,\N,\N,Timmy,Mayer,1938-02-22,American,http://en.wikipedia.org/wiki/Timmy_Mayer
470,471,johnstone,\N,\N,Bruce,Johnstone,1937-01-30,South African,http://en.wikipedia.org/wiki/Bruce_Johnstone_(racing_driver)
471,472,harris,\N,\N,Mike,Harris,1939-05-25,South African,http://en.wikipedia.org/wiki/Mike_Harris_(race_car_driver)
472,473,hocking,\N,\N,Gary,Hocking,1937-09-30,Rhodesian,http://en.wikipedia.org/wiki/Gary_Hocking
473,474,vyver,\N,\N,Syd,van der Vyver,1920-06-01,South African,http://en.wikipedia.org/wiki/Syd_van_der_Vyver
474,475,moss,\N,\N,Stirling,Moss,1929-09-17,British,http://en.wikipedia.org/wiki/Stirling_Moss
475,476,trips,\N,\N,Wolfgang,von Trips,1928-05-04,German,http://en.wikipedia.org/wiki/Wolfgang_Graf_Berghe_von_Trips
476,477,allison,\N,\N,Cliff,Allison,1932-02-08,British,http://en.wikipedia.org/wiki/Cliff_Allison
477,478,herrmann,\N,\N,Hans,Herrmann,1928-02-23,German,http://en.wikipedia.org/wiki/Hans_Herrmann
478,479,brooks,\N,\N,Tony,Brooks,1932-02-25,British,http://en.wikipedia.org/wiki/Tony_Brooks
479,480,may,\N,\N,Michael,May,1934-08-18,Swiss,http://en.wikipedia.org/wiki/Michael_May_(racing_driver)
480,481,henry_taylor,\N,\N,Henry,Taylor,1932-12-16,British,http://en.wikipedia.org/wiki/Henry_Taylor_(racing_driver)
481,482,gendebien,\N,\N,Olivier,Gendebien,1924-01-12,Belgian,http://en.wikipedia.org/wiki/Olivier_Gendebien
482,483,scarlatti,\N,\N,Giorgio,Scarlatti,1921-10-02,Italian,http://en.wikipedia.org/wiki/Giorgio_Scarlatti
483,484,naylor,\N,\N,Brian,Naylor,1923-03-24,British,http://en.wikipedia.org/wiki/Brian_Naylor
484,485,bordeu,\N,\N,Juan Manuel,Bordeu,1934-01-28,Argentine,http://en.wikipedia.org/wiki/Juan_Manuel_Bordeu
485,486,fairman,\N,\N,Jack,Fairman,1913-03-15,British,http://en.wikipedia.org/wiki/Jack_Fairman
486,487,natili,\N,\N,Massimo,Natili,1935-07-28,Italian,http://en.wikipedia.org/wiki/Massimo_Natili
487,488,monteverdi,\N,\N,Peter,Monteverdi,1934-06-07,Swiss,http://en.wikipedia.org/wiki/Peter_Monteverdi
488,489,pirocchi,\N,\N,Renato,Pirocchi,1933-03-26,Italian,http://en.wikipedia.org/wiki/Renato_Pirocchi
489,490,duke,\N,\N,Geoff,Duke,1923-03-29,British,http://en.wikipedia.org/wiki/Geoff_Duke
490,491,thiele,\N,\N,Alfonso,Thiele,1920-04-05,American-Italian,http://en.wikipedia.org/wiki/Alfonso_Thiele
491,492,boffa,\N,\N,Menato,Boffa,1930-01-04,Italian,http://en.wikipedia.org/wiki/Menato_Boffa
492,493,ryan,\N,\N,Peter,Ryan,1940-06-10,Canadian,http://en.wikipedia.org/wiki/Peter_Ryan_(driver)
493,494,ruby,\N,\N,Lloyd,Ruby,1928-01-12,American,http://en.wikipedia.org/wiki/Lloyd_Ruby
494,495,ken_miles,\N,\N,Ken,Miles,1918-11-01,British,http://en.wikipedia.org/wiki/Ken_Miles
495,496,menditeguy,\N,\N,Carlos,Menditeguy,1914-08-10,Argentine,http://en.wikipedia.org/wiki/Carlos_Menditeguy
496,497,larreta,\N,\N,Alberto Rodriguez,Larreta,1934-01-14,Argentine,http://en.wikipedia.org/wiki/Alberto_Rodriguez_Larreta
497,498,gonzalez,\N,\N,José Froilán,González,1922-10-05,Argentine,http://en.wikipedia.org/wiki/Jos%C3%A9_Froil%C3%A1n_Gonz%C3%A1lez
498,499,bonomi,\N,\N,Roberto,Bonomi,1919-09-30,Argentine,http://en.wikipedia.org/wiki/Roberto_Bonomi
499,500,munaron,\N,\N,Gino,Munaron,1928-04-02,Italian,http://en.wikipedia.org/wiki/Gino_Munaron
500,501,schell,\N,\N,Harry,Schell,1921-06-29,American,http://en.wikipedia.org/wiki/Harry_Schell
501,502,stacey,\N,\N,Alan,Stacey,1933-08-29,British,http://en.wikipedia.org/wiki/Alan_Stacey
502,503,chimeri,\N,\N,Ettore,Chimeri,1921-06-04,Venezuelan,http://en.wikipedia.org/wiki/Ettore_Chimeri
503,504,creus,\N,\N,Antonio,Creus,1924-10-28,Spanish,http://en.wikipedia.org/wiki/Antonio_Creus
504,505,bristow,\N,\N,Chris,Bristow,1937-12-02,British,http://en.wikipedia.org/wiki/Chris_Bristow
505,506,halford,\N,\N,Bruce,Halford,1931-05-18,British,http://en.wikipedia.org/wiki/Bruce_Halford
506,507,daigh,\N,\N,Chuck,Daigh,1923-11-29,American,http://en.wikipedia.org/wiki/Chuck_Daigh
507,508,reventlow,\N,\N,Lance,Reventlow,1936-02-24,American,http://en.wikipedia.org/wiki/Lance_Reventlow
508,509,rathmann,\N,\N,Jim,Rathmann,1928-07-16,American,http://en.wikipedia.org/wiki/Jim_Rathmann
509,510,goldsmith,\N,\N,Paul,Goldsmith,1925-10-02,American,http://en.wikipedia.org/wiki/Paul_Goldsmith
510,511,branson,\N,\N,Don,Branson,1920-06-02,American,http://en.wikipedia.org/wiki/Don_Branson
511,512,thomson,\N,\N,Johnny,Thomson,1922-04-09,American,http://en.wikipedia.org/wiki/Johnny_Thomson
512,513,johnson,\N,\N,Eddie,Johnson,1919-02-10,American,http://en.wikipedia.org/wiki/Eddie_Johnson_(auto_racer)
513,514,veith,\N,\N,Bob,Veith,1926-11-01,American,http://en.wikipedia.org/wiki/Bob_Veith
514,515,tingelstad,\N,\N,Bud,Tingelstad,1928-04-04,American,http://en.wikipedia.org/wiki/Bud_Tingelstad
515,516,christie,\N,\N,Bob,Christie,1924-04-04,American,http://en.wikipedia.org/wiki/Bob_Christie_(racing_driver)
516,517,amick,\N,\N,Red,Amick,1929-01-19,American,http://en.wikipedia.org/wiki/Red_Amick
517,518,darter,\N,\N,Duane,Carter,1913-05-05,American,http://en.wikipedia.org/wiki/Duane_Carter
518,519,homeier,\N,\N,Bill,Homeier,1918-08-31,American,http://en.wikipedia.org/wiki/Bill_Homeier
519,520,hartley,\N,\N,Gene,Hartley,1926-01-28,American,http://en.wikipedia.org/wiki/Gene_Hartley
520,521,stevenson,\N,\N,Chuck,Stevenson,1919-10-15,American,http://en.wikipedia.org/wiki/Chuck_Stevenson
521,522,grim,\N,\N,Bobby,Grim,1924-09-04,American,http://en.wikipedia.org/wiki/Bobby_Grim
522,523,templeman,\N,\N,Shorty,Templeman,1919-08-12,American,http://en.wikipedia.org/wiki/Shorty_Templeman
523,524,hurtubise,\N,\N,Jim,Hurtubise,1932-12-05,American,http://en.wikipedia.org/wiki/Jim_Hurtubise
524,525,bryan,\N,\N,Jimmy,Bryan,1926-01-28,American,http://en.wikipedia.org/wiki/Jimmy_Bryan
525,526,ruttman,\N,\N,Troy,Ruttman,1930-03-11,American,http://en.wikipedia.org/wiki/Troy_Ruttman
526,527,sachs,\N,\N,Eddie,Sachs,1927-05-28,American,http://en.wikipedia.org/wiki/Eddie_Sachs
527,528,freeland,\N,\N,Don,Freeland,1925-03-25,American,http://en.wikipedia.org/wiki/Don_Freeland
528,529,bettenhausen,\N,\N,Tony,Bettenhausen,1916-09-12,American,http://en.wikipedia.org/wiki/Tony_Bettenhausen
529,530,weiler,\N,\N,Wayne,Weiler,1934-12-09,American,http://en.wikipedia.org/wiki/Wayne_Weiler
530,531,foyt,\N,\N,Anthony,Foyt,1935-01-16,American,http://en.wikipedia.org/wiki/A.J._Foyt
531,532,russo,\N,\N,Eddie,Russo,1925-11-19,American,http://en.wikipedia.org/wiki/Eddie_Russo
532,533,boyd,\N,\N,Johnny,Boyd,1926-08-19,American,http://en.wikipedia.org/wiki/Johnny_Boyd
533,534,force,\N,\N,Gene,Force,1916-06-15,American,http://en.wikipedia.org/wiki/Gene_Force
534,535,mcwithey,\N,\N,Jim,McWithey,1927-07-04,American,http://en.wikipedia.org/wiki/Jim_McWithey
535,536,sutton,\N,\N,Len,Sutton,1925-08-09,American,http://en.wikipedia.org/wiki/Len_Sutton
536,537,dick_rathmann,\N,\N,Dick,Rathmann,1924-01-06,American,http://en.wikipedia.org/wiki/Dick_Rathmann
537,538,herman,\N,\N,Al,Herman,1927-03-15,American,http://en.wikipedia.org/wiki/Al_Herman
538,539,dempsey_wilson,\N,\N,Dempsey,Wilson,1927-03-11,American,http://en.wikipedia.org/wiki/Dempsey_Wilson
539,540,mike_taylor,\N,\N,Mike,Taylor,1934-04-24,British,http://en.wikipedia.org/wiki/Mike_Taylor_(driver)
540,541,flockhart,\N,\N,Ron,Flockhart,1923-06-16,British,http://en.wikipedia.org/wiki/Ron_Flockhart_(auto_racing)
541,542,piper,\N,\N,David,Piper,1930-12-02,British,http://en.wikipedia.org/wiki/David_Piper
542,543,cabianca,\N,\N,Giulio,Cabianca,1923-02-19,Italian,http://en.wikipedia.org/wiki/Giulio_Cabianca
543,544,drogo,\N,\N,Piero,Drogo,1926-08-08,Italian,http://en.wikipedia.org/wiki/Piero_Drogo
544,545,gamble,\N,\N,Fred,Gamble,1932-03-17,American,http://en.wikipedia.org/wiki/Fred_Gamble_(racing_driver)
545,546,owen,\N,\N,Arthur,Owen,1915-03-23,British,http://en.wikipedia.org/wiki/Arthur_Owen
546,547,gould,\N,\N,Horace,Gould,1918-09-20,British,http://en.wikipedia.org/wiki/Horace_Gould
547,548,drake,\N,\N,Bob,Drake,1919-12-14,American,http://en.wikipedia.org/wiki/Bob_Drake_(Formula_One)
548,549,bueb,\N,\N,Ivor,Bueb,1923-06-06,British,http://en.wikipedia.org/wiki/Ivor_Bueb
549,550,Changy,\N,\N,Alain,de Changy,1922-02-05,Belgian,http://en.wikipedia.org/wiki/Alain_de_Changy
550,551,filippis,\N,\N,Maria,de Filippis,1926-11-11,Italian,http://en.wikipedia.org/wiki/Maria_Teresa_de_Filippis
551,552,lucienbonnet,\N,\N,Jean,Lucienbonnet,1923-01-07,French,http://en.wikipedia.org/wiki/Jean_Lucienbonnet
552,553,testut,\N,\N,André,Testut,1926-04-13,Monegasque,http://en.wikipedia.org/wiki/Andr%C3%A9_Testut
553,554,behra,\N,\N,Jean,Behra,1921-02-16,French,http://en.wikipedia.org/wiki/Jean_Behra
554,555,paul_russo,\N,\N,Paul,Russo,1914-04-10,American,http://en.wikipedia.org/wiki/Paul_Russo
555,556,daywalt,\N,\N,Jimmy,Daywalt,1924-08-28,American,http://en.wikipedia.org/wiki/Jimmy_Daywalt
556,557,arnold,\N,\N,Chuck,Arnold,1926-05-30,American,http://en.wikipedia.org/wiki/Chuck_Arnold
557,558,keller,\N,\N,Al,Keller,1920-04-11,American,http://en.wikipedia.org/wiki/Al_Keller
558,559,flaherty,\N,\N,Pat,Flaherty,1926-01-06,American,http://en.wikipedia.org/wiki/Pat_Flaherty_(racing_driver)
559,560,cheesbourg,\N,\N,Bill,Cheesbourg,1927-06-12,American,http://en.wikipedia.org/wiki/Bill_Cheesbourg
560,561,ray_crawford,\N,\N,Ray,Crawford,1915-10-26,American,http://en.wikipedia.org/wiki/Ray_Crawford
561,562,turner,\N,\N,Jack,Turner,1920-02-12,American,http://en.wikipedia.org/wiki/Jack_Turner_(driver)
562,563,weyant,\N,\N,Chuck,Weyant,1923-04-03,American,http://en.wikipedia.org/wiki/Chuck_Weyant
563,564,larson,\N,\N,Jud,Larson,1923-01-21,American,http://en.wikipedia.org/wiki/Jud_Larson
564,565,magill,\N,\N,Mike,Magill,1920-02-08,American,http://en.wikipedia.org/wiki/Mike_Magill
565,566,shelby,\N,\N,Carroll,Shelby,1923-01-11,American,http://en.wikipedia.org/wiki/Carroll_Shelby
566,567,orey,\N,\N,Fritz,d'Orey,1938-03-25,Brazilian,http://en.wikipedia.org/wiki/Fritz_d%27Orey
567,568,fontes,\N,\N,Azdrubal,Fontes,1922-12-26,Uruguayan,http://en.wikipedia.org/wiki/Azdrubal_Fontes
568,569,ashdown,\N,\N,Peter,Ashdown,1934-10-16,British,http://en.wikipedia.org/wiki/Peter_Ashdown
569,570,bill_moss,\N,\N,Bill,Moss,1933-09-04,British,http://en.wikipedia.org/wiki/Bill_Moss_(racing_driver)
570,571,dennis_taylor,\N,\N,Dennis,Taylor,1921-06-12,British,http://en.wikipedia.org/wiki/Dennis_Taylor_(racing_driver)
571,572,blanchard,\N,\N,Harry,Blanchard,1929-06-13,American,http://en.wikipedia.org/wiki/Harry_Blanchard
572,573,tomaso,\N,\N,Alessandro,de Tomaso,1928-07-10,Argentine-Italian,http://en.wikipedia.org/wiki/Alessandro_de_Tomaso
573,574,constantine,\N,\N,George,Constantine,1918-02-22,American,http://en.wikipedia.org/wiki/George_Constantine
574,575,said,\N,\N,Bob,Said,1932-05-05,American,http://en.wikipedia.org/wiki/Bob_Said
575,576,cade,\N,\N,Phil,Cade,1916-06-12,American,http://en.wikipedia.org/wiki/Phil_Cade
576,577,musso,\N,\N,Luigi,Musso,1924-07-28,Italian,http://en.wikipedia.org/wiki/Luigi_Musso
577,578,hawthorn,\N,\N,Mike,Hawthorn,1929-04-10,British,http://en.wikipedia.org/wiki/Mike_Hawthorn
578,579,fangio,\N,\N,Juan,Fangio,1911-06-24,Argentine,http://en.wikipedia.org/wiki/Juan_Manuel_Fangio
579,580,godia,\N,\N,Paco,Godia,1921-03-21,Spanish,http://en.wikipedia.org/wiki/Paco_Godia
580,581,collins,\N,\N,Peter,Collins,1931-11-06,British,http://en.wikipedia.org/wiki/Peter_Collins_(racing_driver)
581,582,kavanagh,\N,\N,Ken,Kavanagh,1923-12-12,Australian,http://en.wikipedia.org/wiki/Ken_Kavanagh
582,583,gerini,\N,\N,Gerino,Gerini,1928-08-10,Italian,http://en.wikipedia.org/wiki/Gerino_Gerini_(racing_driver)
583,584,kessler,\N,\N,Bruce,Kessler,1936-03-23,American,http://en.wikipedia.org/wiki/Bruce_Kessler
584,585,emery,\N,\N,Paul,Emery,1916-11-12,British,http://en.wikipedia.org/wiki/Paul_Emery
585,586,piotti,\N,\N,Luigi,Piotti,1913-10-27,Italian,http://en.wikipedia.org/wiki/Luigi_Piotti
586,587,ecclestone,\N,\N,Bernie,Ecclestone,1930-10-28,British,http://en.wikipedia.org/wiki/Bernie_Ecclestone
587,588,taramazzo,\N,\N,Luigi,Taramazzo,1932-05-05,Italian,http://en.wikipedia.org/wiki/Luigi_Taramazzo
588,589,chiron,\N,\N,Louis,Chiron,1899-08-03,Monegasque,http://en.wikipedia.org/wiki/Louis_Chiron
589,590,lewis-evans,\N,\N,Stuart,Lewis-Evans,1930-04-20,British,http://en.wikipedia.org/wiki/Stuart_Lewis-Evans
590,591,george_amick,\N,\N,George,Amick,1924-10-24,American,http://en.wikipedia.org/wiki/George_Amick
591,592,reece,\N,\N,Jimmy,Reece,1929-11-17,American,http://en.wikipedia.org/wiki/Jimmy_Reece
592,593,parsons,\N,\N,Johnnie,Parsons,1918-07-04,American,http://en.wikipedia.org/wiki/Johnnie_Parsons
593,594,tolan,\N,\N,Johnnie,Tolan,1917-10-22,American,http://en.wikipedia.org/wiki/Johnnie_Tolan
594,595,garrett,\N,\N,Billy,Garrett,1933-04-24,American,http://en.wikipedia.org/wiki/Billy_Garrett
595,596,elisian,\N,\N,Ed,Elisian,1926-12-09,American,http://en.wikipedia.org/wiki/Ed_Elisian
596,597,connor,\N,\N,Pat,O'Connor,1928-10-09,American,http://en.wikipedia.org/wiki/Pat_O%27Connor_(auto_racer)
597,598,jerry_unser,\N,\N,Jerry,Unser,1932-11-15,American,http://en.wikipedia.org/wiki/Jerry_Unser
598,599,bisch,\N,\N,Art,Bisch,1926-11-10,American,http://en.wikipedia.org/wiki/Art_Bisch
599,600,goethals,\N,\N,Christian,Goethals,1928-08-04,Belgian,http://en.wikipedia.org/wiki/Christian_Goethals
600,601,gibson,\N,\N,Dick,Gibson,1918-04-16,British,http://en.wikipedia.org/wiki/Dick_Gibson
601,602,la_caze,\N,\N,Robert,La Caze,1917-02-26,French,http://en.wikipedia.org/wiki/Robert_La_Caze
602,603,guelfi,\N,\N,André,Guelfi,1919-05-06,French,http://en.wikipedia.org/wiki/Andr%C3%A9_Guelfi
603,604,picard,\N,\N,François,Picard,1921-04-26,French,http://en.wikipedia.org/wiki/Fran%C3%A7ois_Picard
604,605,bridger,\N,\N,Tom,Bridger,1934-06-24,British,http://en.wikipedia.org/wiki/Tom_Bridger
605,606,portago,\N,\N,Alfonso,de Portago,1928-10-11,Spanish,http://en.wikipedia.org/wiki/Alfonso_de_Portago
606,607,perdisa,\N,\N,Cesare,Perdisa,1932-10-21,Italian,http://en.wikipedia.org/wiki/Cesare_Perdisa
607,608,castellotti,\N,\N,Eugenio,Castellotti,1930-10-10,Italian,http://en.wikipedia.org/wiki/Eugenio_Castellotti
608,609,simon,\N,\N,André,Simon,1920-01-05,French,http://en.wikipedia.org/wiki/Andr%C3%A9_Simon_(racing_driver)
609,610,leston,\N,\N,Les,Leston,1920-12-16,British,http://en.wikipedia.org/wiki/Les_Leston
610,611,hanks,\N,\N,Sam,Hanks,1914-07-13,American,http://en.wikipedia.org/wiki/Sam_Hanks
611,612,linden,\N,\N,Andy,Linden,1922-04-05,American,http://en.wikipedia.org/wiki/Andy_Linden_(racing_driver)
612,613,teague,\N,\N,Marshall,Teague,1921-02-22,American,http://en.wikipedia.org/wiki/Marshall_Teague
613,614,edmunds,\N,\N,Don,Edmunds,1930-09-23,American,http://en.wikipedia.org/wiki/Don_Edmunds
614,615,agabashian,\N,\N,Fred,Agabashian,1913-08-21,American,http://en.wikipedia.org/wiki/Fred_Agabashian
615,616,george,\N,\N,Elmer,George,1928-07-15,American,http://en.wikipedia.org/wiki/Elmer_George
616,617,macdowel,\N,\N,Mike,MacDowel,1932-09-13,British,http://en.wikipedia.org/wiki/Mike_MacDowel
617,618,mackay-fraser,\N,\N,Herbert,MacKay-Fraser,1927-06-23,American,http://en.wikipedia.org/wiki/Herbert_MacKay-Fraser
618,619,gerard,\N,\N,Bob,Gerard,1914-01-19,British,http://en.wikipedia.org/wiki/Bob_Gerard
619,620,maglioli,\N,\N,Umberto,Maglioli,1928-06-05,Italian,http://en.wikipedia.org/wiki/Umberto_Maglioli
620,621,england,\N,\N,Paul,England,1929-03-28,Australian,http://en.wikipedia.org/wiki/Paul_England
621,622,landi,\N,\N,Chico,Landi,1907-07-14,Brazilian,http://en.wikipedia.org/wiki/Chico_Landi
622,623,uria,\N,\N,Alberto,Uria,1924-07-11,Uruguayan,http://en.wikipedia.org/wiki/Alberto_Uria
623,624,ramos,\N,\N,Hernando,da Silva Ramos,1925-12-07,Brazilian,http://en.wikipedia.org/wiki/Hernando_da_Silva_Ramos
624,625,bayol,\N,\N,Élie,Bayol,1914-02-28,French,http://en.wikipedia.org/wiki/%C3%89lie_Bayol
625,626,manzon,\N,\N,Robert,Manzon,1917-04-12,French,http://en.wikipedia.org/wiki/Robert_Manzon
626,627,rosier,\N,\N,Louis,Rosier,1905-11-05,French,http://en.wikipedia.org/wiki/Louis_Rosier
627,628,sweikert,\N,\N,Bob,Sweikert,1926-05-20,American,http://en.wikipedia.org/wiki/Bob_Sweikert
628,629,griffith,\N,\N,Cliff,Griffith,1916-02-06,American,http://en.wikipedia.org/wiki/Cliff_Griffith
629,630,dinsmore,\N,\N,Duke,Dinsmore,1913-04-10,American,http://en.wikipedia.org/wiki/Duke_Dinsmore
630,631,andrews,\N,\N,Keith,Andrews,1920-06-15,American,http://en.wikipedia.org/wiki/Keith_Andrews_(driver)
631,632,frere,\N,\N,Paul,Frère,1917-01-30,Belgian,http://en.wikipedia.org/wiki/Paul_Fr%C3%A8re
632,633,villoresi,\N,\N,Luigi,Villoresi,1909-05-16,Italian,http://en.wikipedia.org/wiki/Luigi_Villoresi
633,634,scotti,\N,\N,Piero,Scotti,1909-11-11,Italian,http://en.wikipedia.org/wiki/Piero_Scotti
634,635,chapman,\N,\N,Colin,Chapman,1928-05-19,British,http://en.wikipedia.org/wiki/Colin_Chapman
635,636,titterington,\N,\N,Desmond,Titterington,1928-05-01,British,http://en.wikipedia.org/wiki/Desmond_Titterington
636,637,scott_Brown,\N,\N,Archie,Scott Brown,1927-05-13,British,http://en.wikipedia.org/wiki/Archie_Scott_Brown
637,638,volonterio,\N,\N,Ottorino,Volonterio,1917-12-07,Swiss,http://en.wikipedia.org/wiki/Ottorino_Volonterio
638,639,milhoux,\N,\N,André,Milhoux,1928-12-09,Belgian,http://en.wikipedia.org/wiki/Andr%C3%A9_Milhoux
639,640,graffenried,\N,\N,Toulo,de Graffenried,1914-05-18,Swiss,http://en.wikipedia.org/wiki/Toulo_de_Graffenried
640,641,taruffi,\N,\N,Piero,Taruffi,1906-10-12,Italian,http://en.wikipedia.org/wiki/Piero_Taruffi
641,642,farina,\N,\N,Nino,Farina,1906-10-30,Italian,http://en.wikipedia.org/wiki/Nino_Farina
642,643,mieres,\N,\N,Roberto,Mieres,1924-12-03,Argentine,http://en.wikipedia.org/wiki/Roberto_Mieres
643,644,mantovani,\N,\N,Sergio,Mantovani,1929-05-22,Italian,http://en.wikipedia.org/wiki/Sergio_Mantovani
644,645,bucci,\N,\N,Clemar,Bucci,1920-09-04,Argentine,http://en.wikipedia.org/wiki/Clemar_Bucci
645,646,iglesias,\N,\N,Jesús,Iglesias,1922-02-22,Argentine,http://en.wikipedia.org/wiki/Jes%C3%BAs_Iglesias
646,647,ascari,\N,\N,Alberto,Ascari,1918-07-13,Italian,http://en.wikipedia.org/wiki/Alberto_Ascari
647,648,kling,\N,\N,Karl,Kling,1910-09-16,German,http://en.wikipedia.org/wiki/Karl_Kling
648,649,birger,\N,\N,Pablo,Birger,1924-01-07,Argentine,http://en.wikipedia.org/wiki/Pablo_Birger
649,650,pollet,\N,\N,Jacques,Pollet,1922-07-02,French,http://en.wikipedia.org/wiki/Jacques_Pollet
650,651,macklin,\N,\N,Lance,Macklin,1919-09-02,British,http://en.wikipedia.org/wiki/Lance_Macklin
651,652,whiteaway,\N,\N,Ted,Whiteaway,1928-11-01,British,http://en.wikipedia.org/wiki/Ted_Whiteaway
652,653,davies,\N,\N,Jimmy,Davies,1929-08-08,American,http://en.wikipedia.org/wiki/Jimmy_Davies
653,654,faulkner,\N,\N,Walt,Faulkner,1920-02-16,American,http://en.wikipedia.org/wiki/Walt_Faulkner
654,655,niday,\N,\N,Cal,Niday,1914-04-29,American,http://en.wikipedia.org/wiki/Cal_Niday
655,656,cross,\N,\N,Art,Cross,1918-01-24,American,http://en.wikipedia.org/wiki/Art_Cross
656,657,vukovich,\N,\N,Bill,Vukovich,1918-12-13,American,http://en.wikipedia.org/wiki/Bill_Vukovich
657,658,mcgrath,\N,\N,Jack,McGrath,1919-10-08,American,http://en.wikipedia.org/wiki/Jack_McGrath_(racing_driver)
658,659,hoyt,\N,\N,Jerry,Hoyt,1929-01-29,American,http://en.wikipedia.org/wiki/Jerry_Hoyt
659,660,claes,\N,\N,Johnny,Claes,1916-08-11,Belgian,http://en.wikipedia.org/wiki/Johnny_Claes
660,661,peter_walker,\N,\N,Peter,Walker,1912-10-07,British,http://en.wikipedia.org/wiki/Peter_Walker_(driver)
661,662,sparken,\N,\N,Mike,Sparken,1930-06-16,French,http://en.wikipedia.org/wiki/Mike_Sparken
662,663,wharton,\N,\N,Ken,Wharton,1916-03-21,British,http://en.wikipedia.org/wiki/Ken_Wharton
663,664,mcalpine,\N,\N,Kenneth,McAlpine,1920-09-21,British,http://en.wikipedia.org/wiki/Kenneth_McAlpine
664,665,marr,\N,\N,Leslie,Marr,1922-08-14,British,http://en.wikipedia.org/wiki/Leslie_Marr
665,666,rolt,\N,\N,Tony,Rolt,1918-10-16,British,http://en.wikipedia.org/wiki/Tony_Rolt
666,667,fitch,\N,\N,John,Fitch,1917-08-04,American,http://en.wikipedia.org/wiki/John_Fitch_(driver)
667,668,lucas,\N,\N,Jean,Lucas,1917-04-25,French,http://en.wikipedia.org/wiki/Jean_Lucas
668,669,bira,\N,\N,Prince,Bira,1914-07-15,Thai,http://en.wikipedia.org/wiki/Prince_Bira
669,670,marimon,\N,\N,Onofre,Marimón,1923-12-19,Argentine,http://en.wikipedia.org/wiki/Onofre_Marim%C3%B3n
670,671,loyer,\N,\N,Roger,Loyer,1907-08-05,French,http://en.wikipedia.org/wiki/Roger_Loyer
671,672,daponte,\N,\N,Jorge,Daponte,1923-06-05,Argentine,http://en.wikipedia.org/wiki/Jorge_Daponte
672,673,nazaruk,\N,\N,Mike,Nazaruk,1921-10-02,American,http://en.wikipedia.org/wiki/Mike_Nazaruk
673,674,crockett,\N,\N,Larry,Crockett,1926-10-23,American,http://en.wikipedia.org/wiki/Larry_Crockett
674,675,ayulo,\N,\N,Manny,Ayulo,1921-10-20,American,http://en.wikipedia.org/wiki/Manny_Ayulo
675,676,armi,\N,\N,Frank,Armi,1918-10-12,American,http://en.wikipedia.org/wiki/Frank_Armi
676,677,webb,\N,\N,Travis,Webb,1910-10-08,American,http://en.wikipedia.org/wiki/Travis_Webb
677,678,duncan,\N,\N,Len,Duncan,1911-07-25,American,http://en.wikipedia.org/wiki/Len_Duncan
678,679,mccoy,\N,\N,Ernie,McCoy,1921-02-19,American,http://en.wikipedia.org/wiki/Ernie_McCoy
679,680,swaters,\N,\N,Jacques,Swaters,1926-10-30,American,http://en.wikipedia.org/wiki/Jacques_Swaters
680,681,georges_berger,\N,\N,Georges,Berger,1918-09-14,Belgian,http://en.wikipedia.org/wiki/Georges_Berger
681,682,beauman,\N,\N,Don,Beauman,1928-07-26,British,http://en.wikipedia.org/wiki/Don_Beauman
682,683,thorne,\N,\N,Leslie,Thorne,1916-06-23,British,http://en.wikipedia.org/wiki/Leslie_Thorne
683,684,whitehouse,\N,\N,Bill,Whitehouse,1909-04-01,British,http://en.wikipedia.org/wiki/Bill_Whitehouse
684,685,riseley_prichard,\N,\N,John,Riseley-Prichard,1924-01-17,British,http://en.wikipedia.org/wiki/John_Riseley-Prichard
685,686,reg_parnell,\N,\N,Reg,Parnell,1911-07-02,British,http://en.wikipedia.org/wiki/Reg_Parnell
686,687,whitehead,\N,\N,Peter,Whitehead,1914-11-12,British,http://en.wikipedia.org/wiki/Peter_Whitehead_(racing_driver)
687,688,brandon,\N,\N,Eric,Brandon,1920-07-18,British,http://en.wikipedia.org/wiki/Eric_Brandon
688,689,alan_brown,\N,\N,Alan,Brown,1919-11-20,British,http://en.wikipedia.org/wiki/Alan_Brown_(racing_driver)
689,690,nuckey,\N,\N,Rodney,Nuckey,1929-06-26,British,http://en.wikipedia.org/wiki/Rodney_Nuckey
690,691,lang,\N,\N,Hermann,Lang,1909-04-06,German,http://en.wikipedia.org/wiki/Hermann_Lang
691,692,helfrich,\N,\N,Theo,Helfrich,1913-05-13,German,http://en.wikipedia.org/wiki/Theo_Helfrich
692,693,wacker,\N,\N,Fred,Wacker,1918-07-10,American,http://en.wikipedia.org/wiki/Fred_Wacker
693,694,riu,\N,\N,Giovanni,de Riu,1925-03-10,Italian,http://en.wikipedia.org/wiki/Giovanni_de_Riu
694,695,galvez,\N,\N,Oscar,Gálvez,1913-08-17,Argentine,http://en.wikipedia.org/wiki/%C3%93scar_Alfredo_G%C3%A1lvez
695,696,john_barber,\N,\N,John,Barber,1929-07-22,British,http://en.wikipedia.org/wiki/John_Barber_(racing_driver)
696,697,bonetto,\N,\N,Felice,Bonetto,1903-06-09,Italian,http://en.wikipedia.org/wiki/Felice_Bonetto
697,698,cruz,\N,\N,Adolfo,Cruz,1923-06-28,Argentine,http://en.wikipedia.org/wiki/Adolfo_Schewelm_Cruz
698,699,nalon,\N,\N,Duke,Nalon,1913-03-02,American,http://en.wikipedia.org/wiki/Duke_Nalon
699,700,scarborough,\N,\N,Carl,Scarborough,1914-07-03,American,http://en.wikipedia.org/wiki/Carl_Scarborough
700,701,holland,\N,\N,Bill,Holland,1907-12-18,American,http://en.wikipedia.org/wiki/Bill_Holland
701,702,bob_scott,\N,\N,Bob,Scott,1928-10-04,American,http://en.wikipedia.org/wiki/Bob_Scott_(auto_racer)
702,703,legat,\N,\N,Arthur,Legat,1898-11-01,Belgian,http://en.wikipedia.org/wiki/Arthur_Legat
703,704,cabantous,\N,\N,Yves,Cabantous,1904-10-08,French,http://en.wikipedia.org/wiki/Yves_Giraud_Cabantous
704,705,crook,\N,\N,Tony,Crook,1920-02-16,British,http://en.wikipedia.org/wiki/Tony_Crook
705,706,jimmy_stewart,\N,\N,Jimmy,Stewart,1931-03-06,British,http://en.wikipedia.org/wiki/Jimmy_Stewart_(racing_driver)
706,707,ian_stewart,\N,\N,Ian,Stewart,1929-07-15,British,http://en.wikipedia.org/wiki/Ian_Stewart_(racing_driver)
707,708,duncan_hamilton,\N,\N,Duncan,Hamilton,1920-04-30,British,http://en.wikipedia.org/wiki/Duncan_Hamilton_(racing_driver)
708,709,klodwig,\N,\N,Ernst,Klodwig,1903-05-23,East German,http://en.wikipedia.org/wiki/Ernst_Klodwig
709,710,krause,\N,\N,Rudolf,Krause,1907-03-30,East German,http://en.wikipedia.org/wiki/Rudolf_Krause
710,711,karch,\N,\N,Oswald,Karch,1917-03-06,German,http://en.wikipedia.org/wiki/Oswald_Karch
711,712,heeks,\N,\N,Willi,Heeks,1922-02-13,German,http://en.wikipedia.org/wiki/Willi_Heeks
712,713,fitzau,\N,\N,Theo,Fitzau,1923-02-10,East German,http://en.wikipedia.org/wiki/Theo_Fitzau
713,714,adolff,\N,\N,Kurt,Adolff,1921-11-05,German,http://en.wikipedia.org/wiki/Kurt_Adolff
714,715,bechem,\N,\N,Günther,Bechem,1921-12-21,German,http://en.wikipedia.org/wiki/G%C3%BCnther_Bechem
715,716,bauer,\N,\N,Erwin,Bauer,1912-07-17,German,http://en.wikipedia.org/wiki/Erwin_Bauer
716,717,hans_stuck,\N,\N,Hans,von Stuck,1900-12-27,German,http://en.wikipedia.org/wiki/Hans_Von_Stuck
717,718,loof,\N,\N,Ernst,Loof,1907-07-04,German,http://en.wikipedia.org/wiki/Ernst_Loof
718,719,scherrer,\N,\N,Albert,Scherrer,1908-02-28,Swiss,http://en.wikipedia.org/wiki/Albert_Scherrer
719,720,terra,\N,\N,Max,de Terra,1918-10-06,Swiss,http://en.wikipedia.org/wiki/Max_de_Terra
720,721,hirt,\N,\N,Peter,Hirt,1910-03-30,Swiss,http://en.wikipedia.org/wiki/Peter_Hirt
721,722,carini,\N,\N,Piero,Carini,1921-03-06,Italian,http://en.wikipedia.org/wiki/Piero_Carini
722,723,fischer,\N,\N,Rudi,Fischer,1912-04-19,Swiss,http://en.wikipedia.org/wiki/Rudi_Fischer
723,724,ulmen,\N,\N,Toni,Ulmen,1906-01-25,German,http://en.wikipedia.org/wiki/Toni_Ulmen
724,725,abecassis,\N,\N,George,Abecassis,1913-03-21,British,http://en.wikipedia.org/wiki/George_Abecassis
725,726,george_connor,\N,\N,George,Connor,1906-08-16,American,http://en.wikipedia.org/wiki/George_Connor_(driver)
726,727,rigsby,\N,\N,Jim,Rigsby,1923-06-06,American,http://en.wikipedia.org/wiki/Jim_Rigsby
727,728,james,\N,\N,Joe,James,1925-05-23,American,http://en.wikipedia.org/wiki/Joe_James_(racing_driver)
728,729,schindler,\N,\N,Bill,Schindler,1909-03-06,American,http://en.wikipedia.org/wiki/Bill_Schindler
729,730,fonder,\N,\N,George,Fonder,1917-06-22,American,http://en.wikipedia.org/wiki/George_Fonder
730,731,banks,\N,\N,Henry,Banks,1913-06-14,American,http://en.wikipedia.org/wiki/Henry_Banks
731,732,mcdowell,\N,\N,Johnny,McDowell,1915-01-29,American,http://en.wikipedia.org/wiki/Johnny_McDowell
732,733,miller,\N,\N,Chet,Miller,1902-07-19,American,http://en.wikipedia.org/wiki/Chet_Miller
733,734,ball,\N,\N,Bobby,Ball,1925-08-26,American,http://en.wikipedia.org/wiki/Bobby_Ball_(auto_racer)
734,735,tornaco,\N,\N,Charles,de Tornaco,1927-06-07,Belgian,http://en.wikipedia.org/wiki/Charles_de_Tornaco
735,736,laurent,\N,\N,Roger,Laurent,1913-02-21,Belgian,http://en.wikipedia.org/wiki/Roger_Laurent
736,737,obrien,\N,\N,Robert,O'Brien,1908-04-11,American,http://en.wikipedia.org/wiki/Robert_O%27Brien_(auto_racer)
737,738,gaze,\N,\N,Tony,Gaze,1920-02-03,Australian,http://en.wikipedia.org/wiki/Tony_Gaze
738,739,charrington,\N,\N,Robin,Montgomerie-Charrington,1915-06-23,British,http://en.wikipedia.org/wiki/Robin_Montgomerie-Charrington
739,740,comotti,\N,\N,Franco,Comotti,1906-07-24,Italian,http://en.wikipedia.org/wiki/Franco_Comotti
740,741,etancelin,\N,\N,Philippe,Étancelin,1896-12-28,French,http://en.wikipedia.org/wiki/Philippe_%C3%89tancelin
741,742,poore,\N,\N,Dennis,Poore,1916-08-19,British,http://en.wikipedia.org/wiki/Dennis_Poore
742,743,thompson,\N,\N,Eric,Thompson,1919-11-04,British,http://en.wikipedia.org/wiki/Eric_Thompson_(racing_driver)
743,744,downing,\N,\N,Ken,Downing,1917-12-05,British,http://en.wikipedia.org/wiki/Ken_Downing
744,745,graham_whitehead,\N,\N,Graham,Whitehead,1922-04-15,British,http://en.wikipedia.org/wiki/Graham_Whitehead
745,746,bianco,\N,\N,Gino,Bianco,1916-07-22,Brazilian,http://en.wikipedia.org/wiki/Gino_Bianco
746,747,murray,\N,\N,David,Murray,1909-12-28,British,http://en.wikipedia.org/wiki/David_Murray_(driver)
747,748,cantoni,\N,\N,Eitel,Cantoni,1906-10-04,Uruguayan,http://en.wikipedia.org/wiki/Eitel_Cantoni
748,749,aston,\N,\N,Bill,Aston,1900-03-29,British,http://en.wikipedia.org/wiki/Bill_Aston
749,750,brudes,\N,\N,Adolf,Brudes,1899-10-15,German,http://en.wikipedia.org/wiki/Adolf_Brudes
750,751,riess,\N,\N,Fritz,Riess,1922-07-11,German,http://en.wikipedia.org/wiki/Fritz_Riess
751,752,niedermayr,\N,\N,Helmut,Niedermayr,1915-11-29,German,http://en.wikipedia.org/wiki/Helmut_Niedermayr
752,753,klenk,\N,\N,Hans,Klenk,1919-10-28,German,http://en.wikipedia.org/wiki/Hans_Klenk
753,754,balsa,\N,\N,Marcel,Balsa,1909-01-01,French,http://en.wikipedia.org/wiki/Marcel_Balsa
754,755,schoeller,\N,\N,Rudolf,Schoeller,1902-04-27,Swiss,http://en.wikipedia.org/wiki/Rudolf_Schoeller
755,756,pietsch,\N,\N,Paul,Pietsch,1911-06-20,German,http://en.wikipedia.org/wiki/Paul_Pietsch
756,757,peters,\N,\N,Josef,Peters,1914-09-16,German,http://en.wikipedia.org/wiki/Josef_Peters_(driver)
757,758,lof,\N,\N,Dries,van der Lof,1919-08-23,Dutch,http://en.wikipedia.org/wiki/Dries_van_der_Lof
758,759,flinterman,\N,\N,Jan,Flinterman,1919-10-02,Dutch,http://en.wikipedia.org/wiki/Jan_Flinterman
759,760,dusio,\N,\N,Piero,Dusio,1899-10-13,Italian,http://en.wikipedia.org/wiki/Piero_Dusio
760,761,crespo,\N,\N,Alberto,Crespo,1920-01-16,Argentine,http://en.wikipedia.org/wiki/Alberto_Crespo
761,762,rol,\N,\N,Franco,Rol,1908-06-05,Italian,http://en.wikipedia.org/wiki/Franco_Rol
762,763,sanesi,\N,\N,Consalvo,Sanesi,1911-03-28,Italian,http://en.wikipedia.org/wiki/Consalvo_Sanesi
763,764,guy_mairesse,\N,\N,Guy,Mairesse,1910-08-10,French,http://en.wikipedia.org/wiki/Guy_Mairesse
764,765,louveau,\N,\N,Henri,Louveau,1910-01-25,French,http://en.wikipedia.org/wiki/Henri_Louveau
765,766,wallard,\N,\N,Lee,Wallard,1910-09-07,American,http://en.wikipedia.org/wiki/Lee_Wallard
766,767,forberg,\N,\N,Carl,Forberg,1911-03-04,American,http://en.wikipedia.org/wiki/Carl_Forberg
767,768,rose,\N,\N,Mauri,Rose,1906-05-26,American,http://en.wikipedia.org/wiki/Mauri_Rose
768,769,mackey,\N,\N,Bill,Mackey,1927-12-15,American,http://en.wikipedia.org/wiki/Bill_Mackey
769,770,green,\N,\N,Cecil,Green,1919-09-30,American,http://en.wikipedia.org/wiki/Cecil_Green
770,771,walt_brown,\N,\N,Walt,Brown,1911-12-30,American,http://en.wikipedia.org/wiki/Walt_Brown_(auto_racer)
771,772,hellings,\N,\N,Mack,Hellings,1915-09-14,American,http://en.wikipedia.org/wiki/Mack_Hellings
772,773,levegh,\N,\N,Pierre,Levegh,1905-12-22,French,http://en.wikipedia.org/wiki/Pierre_Levegh
773,774,chaboud,\N,\N,Eugène,Chaboud,1907-04-12,French,http://en.wikipedia.org/wiki/Eug%C3%A8ne_Chaboud
774,775,gordini,\N,\N,Aldo,Gordini,1921-05-20,French,http://en.wikipedia.org/wiki/Aldo_Gordini
775,776,kelly,\N,\N,Joe,Kelly,1913-03-13,Irish,http://en.wikipedia.org/wiki/Joe_Kelly_(Formula_One)
776,777,parker,\N,\N,Philip,Fotheringham-Parker,1907-09-22,British,http://en.wikipedia.org/wiki/Philip_Fotheringham-Parker
777,778,shawe_taylor,\N,\N,Brian,Shawe Taylor,1915-01-28,British,http://en.wikipedia.org/wiki/Brian_Shawe_Taylor
778,779,john_james,\N,\N,John,James,1914-05-10,British,http://en.wikipedia.org/wiki/John_James_(auto_racer)
779,780,branca,\N,\N,Toni,Branca,1916-09-15,Swiss,http://en.wikipedia.org/wiki/Toni_Branca
780,781,richardson,\N,\N,Ken,Richardson,1911-08-21,British,http://en.wikipedia.org/wiki/Ken_Richardson_(race_car_driver)
781,782,jover,\N,\N,Juan,Jover,1903-11-23,Spanish,http://en.wikipedia.org/wiki/Juan_Jover
782,783,grignard,\N,\N,Georges,Grignard,1905-07-25,French,http://en.wikipedia.org/wiki/Georges_Grignard
783,784,hampshire,\N,\N,David,Hampshire,1917-12-29,British,http://en.wikipedia.org/wiki/David_Hampshire
784,785,crossley,\N,\N,Geoff,Crossley,1921-05-11,British,http://en.wikipedia.org/wiki/Geoff_Crossley
785,786,fagioli,\N,\N,Luigi,Fagioli,1898-06-09,Italian,http://en.wikipedia.org/wiki/Luigi_Fagioli
786,787,harrison,\N,\N,Cuth,Harrison,1906-07-06,British,http://en.wikipedia.org/wiki/Cuth_Harrison
787,788,fry,\N,\N,Joe,Fry,1915-10-26,British,http://en.wikipedia.org/wiki/Joe_Fry
788,789,martin,\N,\N,Eugène,Martin,1915-03-24,French,http://en.wikipedia.org/wiki/Eug%C3%A8ne_Martin
789,790,leslie_johnson,\N,\N,Leslie,Johnson,1912-03-22,British,http://en.wikipedia.org/wiki/Leslie_Johnson_(racing_driver)
790,791,biondetti,\N,\N,Clemente,Biondetti,1898-08-18,Italian,http://en.wikipedia.org/wiki/Clemente_Biondetti
791,792,pian,\N,\N,Alfredo,Pián,1912-10-21,Argentine,http://en.wikipedia.org/wiki/Alfredo_Pi%C3%A0n
792,793,sommer,\N,\N,Raymond,Sommer,1906-08-31,French,http://en.wikipedia.org/wiki/Raymond_Sommer
793,794,chitwood,\N,\N,Joie,Chitwood,1912-04-14,American,http://en.wikipedia.org/wiki/Joie_Chitwood
794,795,fohr,\N,\N,Myron,Fohr,1912-06-17,American,http://en.wikipedia.org/wiki/Myron_Fohr
795,796,ader,\N,\N,Walt,Ader,1913-12-15,American,http://en.wikipedia.org/wiki/Walt_Ader
796,797,holmes,\N,\N,Jackie,Holmes,1920-09-04,American,http://en.wikipedia.org/wiki/Jackie_Holmes
797,798,levrett,\N,\N,Bayliss,Levrett,1914-02-14,American,http://en.wikipedia.org/wiki/Bayliss_Levrett
798,799,jackson,\N,\N,Jimmy,Jackson,1910-07-25,American,http://en.wikipedia.org/wiki/Jimmy_Jackson_(driver)
799,800,pagani,\N,\N,Nello,Pagani,1911-10-11,Italian,http://en.wikipedia.org/wiki/Nello_Pagani
800,801,pozzi,\N,\N,Charles,Pozzi,1909-08-27,French,http://en.wikipedia.org/wiki/Charles_Pozzi
801,802,serafini,\N,\N,Dorino,Serafini,1909-07-22,Italian,http://en.wikipedia.org/wiki/Dorino_Serafini
802,803,cantrell,\N,\N,Bill,Cantrell,1908-01-31,American,http://en.wikipedia.org/wiki/William_Cantrell
803,804,mantz,\N,\N,Johnny,Mantz,1918-09-18,American,http://en.wikipedia.org/wiki/Johnny_Mantz
804,805,kladis,\N,\N,Danny,Kladis,1917-02-10,American,http://en.wikipedia.org/wiki/Danny_Kladis
805,806,oscar_gonzalez,\N,\N,Óscar,González,1923-11-10,Uruguayan,http://en.wikipedia.org/wiki/Oscar_Gonz%C3%A1lez_(racing_driver)
806,807,hulkenberg,27,HUL,Nico,Hülkenberg,1987-08-19,German,http://en.wikipedia.org/wiki/Nico_H%C3%BClkenberg
807,808,petrov,\N,PET,Vitaly,Petrov,1984-09-08,Russian,http://en.wikipedia.org/wiki/Vitaly_Petrov
808,810,grassi,\N,DIG,Lucas,di Grassi,1984-08-11,Brazilian,http://en.wikipedia.org/wiki/Lucas_di_Grassi
809,811,bruno_senna,\N,SEN,Bruno,Senna,1983-10-15,Brazilian,http://en.wikipedia.org/wiki/Bruno_Senna
810,812,chandhok,\N,CHA,Karun,Chandhok,1984-01-19,Indian,http://en.wikipedia.org/wiki/Karun_Chandhok
811,813,maldonado,13,MAL,Pastor,Maldonado,1985-03-09,Venezuelan,http://en.wikipedia.org/wiki/Pastor_Maldonado
812,814,resta,\N,DIR,Paul,di Resta,1986-04-16,British,http://en.wikipedia.org/wiki/Paul_di_Resta
813,815,perez,11,PER,Sergio,Pérez,1990-01-26,Mexican,http://en.wikipedia.org/wiki/Sergio_P%C3%A9rez
814,816,ambrosio,\N,DAM,Jérôme,d'Ambrosio,1985-12-27,Belgian,http://en.wikipedia.org/wiki/J%C3%A9r%C3%B4me_d%27Ambrosio
815,817,ricciardo,3,RIC,Daniel,Ricciardo,1989-07-01,Australian,http://en.wikipedia.org/wiki/Daniel_Ricciardo
816,818,vergne,25,VER,Jean-Éric,Vergne,1990-04-25,French,http://en.wikipedia.org/wiki/Jean-%C3%89ric_Vergne
817,819,pic,\N,PIC,Charles,Pic,1990-02-15,French,http://en.wikipedia.org/wiki/Charles_Pic
818,820,chilton,4,CHI,Max,Chilton,1991-04-21,British,http://en.wikipedia.org/wiki/Max_Chilton
819,821,gutierrez,21,GUT,Esteban,Gutiérrez,1991-08-05,Mexican,http://en.wikipedia.org/wiki/Esteban_Guti%C3%A9rrez
820,822,bottas,77,BOT,Valtteri,Bottas,1989-08-28,Finnish,http://en.wikipedia.org/wiki/Valtteri_Bottas
821,823,garde,\N,VDG,Giedo,van der Garde,1985-04-25,Dutch,http://en.wikipedia.org/wiki/Giedo_van_der_Garde
822,824,jules_bianchi,17,BIA,Jules,Bianchi,1989-08-03,French,http://en.wikipedia.org/wiki/Jules_Bianchi
823,825,kevin_magnussen,20,MAG,Kevin,Magnussen,1992-10-05,Danish,http://en.wikipedia.org/wiki/Kevin_Magnussen
824,826,kvyat,26,KVY,Daniil,Kvyat,1994-04-26,Russian,http://en.wikipedia.org/wiki/Daniil_Kvyat
825,827,lotterer,45,LOT,André,Lotterer,1981-11-19,German,http://en.wikipedia.org/wiki/Andr%C3%A9_Lotterer
826,828,ericsson,9,ERI,Marcus,Ericsson,1990-09-02,Swedish,http://en.wikipedia.org/wiki/Marcus_Ericsson
827,829,stevens,28,STE,Will,Stevens,1991-06-28,British,http://en.wikipedia.org/wiki/Will_Stevens
828,830,max_verstappen,33,VER,Max,Verstappen,1997-09-30,Dutch,http://en.wikipedia.org/wiki/Max_Verstappen
829,831,nasr,12,NAS,Felipe,Nasr,1992-08-21,Brazilian,http://en.wikipedia.org/wiki/Felipe_Nasr
830,832,sainz,55,SAI,Carlos,Sainz,1994-09-01,Spanish,http://en.wikipedia.org/wiki/Carlos_Sainz_Jr.
831,833,merhi,98,MER,Roberto,Merhi,1991-03-22,Spanish,http://en.wikipedia.org/wiki/Roberto_Merhi
832,834,rossi,53,RSS,Alexander,Rossi,1991-09-25,American,http://en.wikipedia.org/wiki/Alexander_Rossi_%28racing_driver%29
833,835,jolyon_palmer,30,PAL,Jolyon,Palmer,1991-01-20,British,http://en.wikipedia.org/wiki/Jolyon_Palmer
834,836,wehrlein,94,WEH,Pascal,Wehrlein,1994-10-18,German,http://en.wikipedia.org/wiki/Pascal_Wehrlein
835,837,haryanto,88,HAR,Rio,Haryanto,1993-01-22,Indonesian,http://en.wikipedia.org/wiki/Rio_Haryanto
836,838,vandoorne,2,VAN,Stoffel,Vandoorne,1992-03-26,Belgian,http://en.wikipedia.org/wiki/Stoffel_Vandoorne
837,839,ocon,31,OCO,Esteban,Ocon,1996-09-17,French,http://en.wikipedia.org/wiki/Esteban_Ocon
838,840,stroll,18,STR,Lance,Stroll,1998-10-29,Canadian,http://en.wikipedia.org/wiki/Lance_Stroll
839,841,giovinazzi,99,GIO,Antonio,Giovinazzi,1993-12-14,Italian,http://en.wikipedia.org/wiki/Antonio_Giovinazzi
840,843,brendon_hartley,28,HAR,Brendon,Hartley,1989-11-10,New Zealander,http://en.wikipedia.org/wiki/Brendon_Hartley
841,844,leclerc,16,LEC,Charles,Leclerc,1997-10-16,Monegasque,http://en.wikipedia.org/wiki/Charles_Leclerc_(racing_driver)
842,845,sirotkin,35,SIR,Sergey,Sirotkin,1995-08-27,Russian,http://en.wikipedia.org/wiki/Sergey_Sirotkin_(racing_driver)
843,846,norris,4,NOR,Lando,Norris,1999-11-13,British,http://en.wikipedia.org/wiki/Lando_Norris
844,847,russell,63,RUS,George,Russell,1998-02-15,British,http://en.wikipedia.org/wiki/George_Russell_(racing_driver)
845,848,albon,23,ALB,Alexander,Albon,1996-03-23,Thai,http://en.wikipedia.org/wiki/Alexander_Albon
